;;UNICEF GLOBAL DATABASES [data.unicef.org];;;;;;;;;;;;;;;;;;;;;;;;;;;;;;
;;;;;;;;;;;;;;;;;;;;;;;;;;;;;;;;
;;;;;;;;;;;;;;;;;;;;;;;;;;;;;;;;
Child Mortality Estimates;;;;;;;;;;;;;;;;;;;;;;;;;;;;;;;;
Country-specific Deaths aged 5 to 24;;;;;;;;;;;;;;;;;;;;;;;;;;;;;;;;
;;;;;;;;;;;;;;;;;;;;;;;;;;;;;;;;
Estimates generated by the UN Inter-agency Group for Child Mortality Estimation (UN IGME) in 2020;;;;;;;;;;;;;;;;;;;;;;;;;;;;;;;;
Downloaded from http://data.unicef.org;;;;;;;;;;;;;;;;;;;;;;;;;;;;;;;;
;;;;;;;;;;;;;;;;;;;;;;;;;;;;;;;;
"Prepared by the Data and Analytics Section; Division of Data, Analytics, Planning and Monitoring, UNICEF";;;;;;;;;;;;;;;;;;;;;;;;;;;;;;;;
Contact us:  data@unicef.org;;;;;;;;;;;;;;;;;;;;;;;;;;;;;;;;
;;;;;;;;;;;;;;;;;;;;;;;;;;;;;;;;
Last update: 9 September 2020;;;;;;;;;;;;;;;;;;;;;;;;;;;;;;;;
;;;;;;;;;;;;;;;;;;;;;;;;;;;;;;;;
ISO.Code;Country.Name;Uncertainty.Bounds*;1990.5;1991.5;1992.5;1993.5;1994.5;1995.5;1996.5;1997.5;1998.5;1999.5;2000.5;2001.5;2002.5;2003.5;2004.5;2005.5;2006.5;2007.5;2008.5;2009.5;2010.5;2011.5;2012.5;2013.5;2014.5;2015.5;2016.5;2017.5;2018.5;2019.5
AFG;Afghanistan;Lower;11289;11531;12037;12648;13143;13542;13652;13623;13567;13443;13348;13412;13511;13707;13993;14381;14860;15469;16192;17006;17873;18939;20024;20964;21550;21571;21186;20649;20035;19542
AFG;Afghanistan;Median;18380;18424;18716;19068;19183;19039;18453;17694;16951;16284;15811;15650;15616;15729;15981;16353;16797;17455;18309;19302;20411;21754;23296;25015;26700;28147;29105;29748;30074;30374
AFG;Afghanistan;Upper;43573;41564;39349;37261;34504;31151;28049;24935;22249;20438;19273;18652;18312;18209;18307;18621;19092;19840;20873;22277;23861;25858;27964;30609;33971;37930;41507;44657;47307;50074
ALB;Albania;Lower;915;911;897;878;858;842;821;1408;775;737;694;650;608;572;542;518;492;471;452;435;420;405;387;363;334;303;276;251;227;206
ALB;Albania;Median;940;932;918;899;878;862;842;1448;794;756;713;669;630;598;574;554;532;512;491;472;451;431;407;379;348;317;288;264;241;222
ALB;Albania;Upper;966;954;939;920;899;884;863;1489;815;775;732;690;654;628;609;595;577;557;534;510;484;458;428;396;363;331;302;278;257;242
DZA;Algeria;Lower;11351;11303;11304;11313;12881;13682;11354;13744;13790;11135;10858;10429;9883;10692;8897;8523;8224;7963;7695;7419;7157;6938;6791;6680;6586;6476;6388;6301;6222;6135
DZA;Algeria;Median;12278;12322;12359;12384;14099;14917;12218;14645;14488;11509;11093;10598;10044;10874;9039;8655;8347;8082;7814;7530;7269;7045;6898;6790;6694;6596;6502;6406;6327;6280
DZA;Algeria;Upper;13301;13460;13574;13624;15507;16301;13156;15595;15189;11873;11326;10776;10212;11068;9188;8791;8470;8202;7937;7642;7384;7156;7007;6905;6811;6721;6619;6513;6435;6435
AND;Andorra;Lower;8;8;8;8;8;7;7;7;4;3;3;3;3;3;3;3;3;3;3;3;3;3;3;2;2;2;2;2;2;2
AND;Andorra;Median;10;10;10;10;9;8;8;8;7;7;7;7;7;7;7;7;7;7;6;4;4;4;3;3;3;3;3;3;3;3
AND;Andorra;Upper;12;12;12;11;11;11;10;10;8;8;8;8;8;8;8;8;8;7;7;7;7;7;6;6;5;5;4;3;3;3
AGO;Angola;Lower;25137;24898;25922;35596;29886;28963;29811;30496;31058;31497;31811;32056;32204;32222;32054;31755;31353;30918;30392;29877;29338;28751;28222;27810;27488;27282;27218;27205;27319;27391
AGO;Angola;Median;32438;32117;33438;46024;38576;37366;38458;39336;40059;40624;41023;41335;41518;41533;41311;40917;40392;39822;39138;38467;37764;37001;36317;35779;35360;35092;35006;34985;35129;35219
AGO;Angola;Upper;41648;41215;42911;59238;49544;47955;49355;50480;51403;52120;52624;53015;53241;53250;52954;52433;51748;51005;50115;49244;48332;47345;46458;45764;45218;44868;44751;44721;44903;45011
ATG;Antigua and Barbuda;Lower;11;11;12;13;13;14;14;15;15;15;14;14;14;14;14;13;13;13;13;13;12;12;12;11;11;10;9;9;8;8
ATG;Antigua and Barbuda;Median;20;20;19;19;18;18;17;17;17;17;16;16;15;15;15;15;15;15;14;14;14;14;14;14;13;12;11;11;11;11
ATG;Antigua and Barbuda;Upper;40;35;31;28;25;24;22;21;20;19;19;18;18;18;18;17;17;17;17;17;16;16;16;16;15;15;15;15;15;15
ARG;Argentina;Lower;6702;6768;6876;7028;7171;7310;7431;7554;7692;7778;7799;7724;7558;7352;7167;7144;7240;7383;7549;7692;7807;7883;7891;7845;7731;7590;7420;7262;7063;6768
ARG;Argentina;Median;6815;6880;6990;7132;7287;7425;7548;7681;7816;7912;7932;7858;7691;7472;7309;7276;7362;7509;7672;7820;7936;8014;8030;7980;7873;7730;7567;7410;7273;7143
ARG;Argentina;Upper;6930;6990;7101;7240;7405;7542;7666;7808;7944;8051;8070;8009;7834;7593;7437;7403;7485;7642;7799;7956;8072;8157;8182;8119;8017;7865;7706;7556;7482;7547
ARM;Armenia;Lower;591;533;850;1079;789;482;472;437;390;345;318;303;297;298;302;311;318;323;327;323;317;306;296;291;288;293;291;276;240;199
ARM;Armenia;Median;613;560;920;1167;844;504;489;452;404;360;330;316;310;311;315;324;333;340;343;340;333;324;315;308;308;311;309;294;264;235
ARM;Armenia;Upper;638;588;990;1256;900;526;506;470;418;375;345;329;324;324;331;339;348;357;359;359;351;341;334;327;327;330;331;313;288;273
AUS;Australia;Lower;2536;2392;2284;2225;2198;2209;2227;2221;2178;2083;1951;1824;1720;1663;1625;1599;1595;1581;1558;1525;1499;1474;1444;1412;1379;1358;1341;1326;1294;1243
AUS;Australia;Median;2588;2442;2333;2268;2244;2254;2271;2267;2221;2127;1989;1861;1759;1698;1661;1634;1631;1616;1590;1561;1532;1507;1478;1445;1414;1392;1377;1362;1346;1328
AUS;Australia;Upper;2644;2488;2379;2312;2291;2299;2317;2317;2267;2174;2027;1897;1797;1732;1698;1669;1666;1654;1625;1596;1567;1542;1515;1479;1452;1429;1412;1399;1398;1420
AUT;Austria;Lower;1045;1033;1011;973;928;879;823;775;735;706;686;679;676;671;662;648;629;606;579;551;520;492;463;435;412;391;371;348;324;301
AUT;Austria;Median;1081;1064;1041;1005;957;904;846;796;758;727;705;697;694;689;681;666;647;624;596;567;537;508;481;454;430;407;388;371;355;342
AUT;Austria;Upper;1119;1097;1072;1039;988;930;869;818;779;749;725;717;713;710;701;688;668;644;617;586;554;526;498;471;447;425;409;398;391;390
AZE;Azerbaijan;Lower;2092;2274;4801;6406;4815;2912;2877;2742;2555;2368;2206;2086;2005;1946;1904;1867;1824;1775;1726;1687;1650;1608;1562;1512;1468;1428;1378;1313;1240;1167
AZE;Azerbaijan;Median;2132;2320;4950;6629;4950;2965;2922;2780;2593;2403;2240;2120;2036;1978;1937;1900;1857;1808;1760;1721;1687;1651;1613;1569;1521;1472;1418;1364;1315;1275
AZE;Azerbaijan;Upper;2174;2368;5102;6862;5092;3019;2968;2821;2632;2439;2274;2154;2069;2014;1970;1933;1891;1841;1795;1756;1725;1698;1666;1628;1577;1518;1459;1417;1395;1397
BHS;Bahamas;Lower;80;85;89;92;94;96;96;96;94;92;90;89;89;88;88;89;92;95;99;102;105;110;115;119;121;122;120;115;108;101
BHS;Bahamas;Median;89;92;95;97;100;101;102;100;99;97;95;95;94;94;94;95;97;101;104;109;111;117;121;126;131;133;136;135;134;131
BHS;Bahamas;Upper;100;101;102;105;107;109;109;108;106;103;101;100;99;99;99;100;103;107;110;114;118;123;129;134;141;147;155;161;166;172
BHR;Bahrain;Lower;79;83;87;90;91;92;95;97;99;101;103;109;113;117;120;123;131;137;138;136;130;149;129;125;120;116;115;111;106;99
BHR;Bahrain;Median;86;89;93;95;96;96;100;102;103;106;108;115;120;123;127;130;139;145;148;145;139;160;139;137;133;130;133;134;131;126
BHR;Bahrain;Upper;94;96;99;101;103;103;106;108;111;113;115;121;126;131;134;138;147;154;156;154;148;172;150;149;148;147;156;163;167;167
BGD;Bangladesh;Lower;111615;146638;108376;107588;106539;104824;100799;93894;84981;75877;68393;63447;61801;62624;64339;66212;66965;66354;64313;61308;58131;55112;52919;51514;50687;50042;49402;48511;46921;45115
BGD;Bangladesh;Median;119913;157875;116123;114419;112844;110732;106602;98931;89189;79859;72228;67360;65528;66083;67774;69469;70347;69665;67459;64377;61073;58088;55902;54673;54270;54506;55093;55910;56598;56954
BGD;Bangladesh;Upper;129468;171126;125028;122134;119714;117344;113022;104548;93830;83936;76188;71440;69365;69584;71235;73029;74145;73345;70915;67673;64099;61147;59013;57906;58091;59702;62489;65893;70306;75106
BRB;Barbados;Lower;56;54;51;48;46;44;42;41;40;40;40;40;40;40;40;40;39;38;37;35;34;32;31;29;27;26;24;23;21;20
BRB;Barbados;Median;62;58;55;53;50;48;46;44;43;43;43;43;44;44;44;44;42;42;41;39;37;37;35;34;32;32;32;30;30;29
BRB;Barbados;Upper;70;65;61;57;55;52;51;49;48;47;47;47;48;48;48;47;47;46;44;43;41;41;40;40;40;40;41;42;42;42
BLR;Belarus;Lower;2170;2215;2254;2284;2294;2292;2285;2283;2296;2285;2244;2168;2073;1975;1872;1773;1683;1602;1532;1453;1364;1251;1122;988;859;749;656;573;498;436
BLR;Belarus;Median;2211;2254;2294;2323;2334;2334;2329;2328;2336;2330;2288;2209;2114;2013;1910;1809;1720;1641;1569;1492;1400;1287;1157;1020;888;776;681;597;525;472
BLR;Belarus;Upper;2252;2296;2339;2364;2378;2375;2372;2373;2377;2380;2335;2252;2155;2051;1951;1848;1760;1682;1608;1533;1441;1328;1195;1051;919;802;705;622;557;511
BEL;Belgium;Lower;1288;1248;1209;1172;1134;1093;1051;1016;993;968;937;910;880;844;799;764;741;720;699;676;652;629;607;585;563;541;520;496;470;444
BEL;Belgium;Median;1323;1279;1238;1200;1160;1119;1079;1046;1017;990;961;936;901;864;824;791;765;740;718;693;668;646;625;602;580;558;536;515;494;477
BEL;Belgium;Upper;1358;1309;1267;1227;1189;1144;1104;1069;1040;1016;992;966;928;884;846;812;785;759;735;713;688;665;642;620;598;575;555;536;521;513
BLZ;Belize;Lower;55;60;65;70;76;82;90;97;103;106;107;108;108;109;110;111;112;113;114;115;116;117;118;117;116;114;111;106;101;96
BLZ;Belize;Median;63;66;70;76;81;87;96;103;108;111;113;114;115;115;117;117;118;119;120;121;122;123;124;125;123;121;119;116;112;111
BLZ;Belize;Upper;71;73;77;81;86;92;100;108;114;117;119;120;120;121;122;123;124;125;126;127;129;130;131;131;130;129;128;127;127;128
BEN;Benin;Lower;7936;7979;8028;8091;8146;8177;8221;8250;8301;8350;8402;8466;8538;8610;8668;8721;8783;8863;8940;9026;9115;9236;9355;9460;9575;9654;9687;9697;9661;9553
BEN;Benin;Median;8742;8768;8808;8856;8900;8929;8973;9016;9064;9109;9159;9227;9306;9387;9459;9527;9609;9705;9809;9929;10070;10237;10420;10617;10823;11013;11194;11354;11474;11520
BEN;Benin;Upper;9686;9690;9696;9720;9740;9755;9789;9839;9890;9946;10002;10085;10187;10285;10379;10461;10574;10707;10859;11025;11231;11459;11737;12054;12406;12819;13242;13710;14083;14489
BTN;Bhutan;Lower;451;447;440;430;419;408;399;394;388;384;401;374;368;363;356;347;338;327;316;305;293;279;263;248;234;220;208;196;184;174
BTN;Bhutan;Median;607;581;556;530;504;483;471;461;454;447;469;435;431;425;419;411;403;393;383;373;365;355;346;336;326;314;306;295;284;274
BTN;Bhutan;Upper;862;786;716;663;620;586;563;548;537;531;559;520;515;510;504;498;490;481;474;467;464;462;464;466;466;465;466;462;458;454
BOL;Bolivia (Plurinational State of);Lower;4578;4480;4405;4346;4287;4234;4183;4128;4075;4011;3944;3859;3761;3655;3542;3422;3286;3152;3034;2920;2799;2690;2583;2478;2381;2288;2205;2128;2051;1978
BOL;Bolivia (Plurinational State of);Median;5158;5043;4946;4862;4787;4718;4651;4587;4522;4456;4389;4306;4220;4135;4044;3951;3862;3775;3693;3624;3570;3513;3462;3412;3362;3312;3261;3216;3170;3120
BOL;Bolivia (Plurinational State of);Upper;5803;5661;5526;5414;5322;5232;5161;5095;5028;4962;4896;4833;4770;4720;4668;4638;4617;4611;4618;4641;4696;4757;4830;4914;4996;5080;5177;5259;5341;5405
BIH;Bosnia and Herzegovina;Lower;662;651;10944;11880;6569;7736;444;414;389;369;353;339;328;321;316;309;302;291;277;262;246;230;217;209;205;202;200;195;186;174
BIH;Bosnia and Herzegovina;Median;687;678;11705;12885;7150;8435;473;437;408;386;366;352;340;334;328;322;314;302;289;273;258;242;229;220;215;214;215;217;215;211
BIH;Bosnia and Herzegovina;Upper;713;707;12540;14006;7810;9238;506;464;429;401;381;365;354;347;341;334;326;316;301;286;272;255;242;232;226;227;233;241;250;258
BWA;Botswana;Lower;1477;1501;1517;1522;1521;1522;1520;1515;1503;1490;1464;1434;1393;1345;1293;1235;1179;1125;1064;1002;933;863;804;757;719;689;664;643;627;609
BWA;Botswana;Median;1738;1764;1781;1789;1793;1795;1789;1780;1772;1751;1724;1692;1647;1594;1537;1477;1411;1351;1289;1226;1167;1110;1062;1026;999;976;960;948;938;929
BWA;Botswana;Upper;2113;2145;2165;2180;2181;2181;2168;2151;2137;2114;2078;2037;1984;1917;1853;1784;1719;1663;1615;1575;1536;1509;1489;1466;1462;1466;1471;1488;1504;1525
BRA;Brazil;Lower;52353;51874;51964;52484;53429;54504;55308;55816;56085;56441;56810;57046;57268;57128;56651;55989;55462;55328;55279;55520;55885;56322;56853;57137;57119;56673;55813;54235;51805;48344
BRA;Brazil;Median;53271;52758;52798;53335;54266;55359;56220;56717;57021;57359;57730;58010;58205;58134;57667;56994;56489;56262;56280;56489;56881;57390;57890;58209;58202;57777;56973;55896;54627;53235
BRA;Brazil;Upper;54203;53662;53656;54236;55147;56255;57177;57604;57972;58293;58697;59033;59201;59179;58692;58008;57539;57253;57316;57515;57930;58455;58902;59299;59270;58879;58144;57596;57682;58592
BRN;Brunei Darussalam;Lower;84;87;89;89;87;84;83;81;78;74;71;69;67;65;64;62;61;60;60;59;58;56;54;52;49;47;45;42;40;38
BRN;Brunei Darussalam;Median;97;96;97;95;93;90;88;87;84;80;76;74;72;70;67;66;66;65;65;64;64;61;58;56;54;51;49;48;45;43
BRN;Brunei Darussalam;Upper;112;109;105;102;99;96;94;92;89;85;82;79;77;75;73;72;71;70;69;69;68;66;63;61;58;55;53;52;51;50
BGR;Bulgaria;Lower;1454;1455;1455;1448;1429;1393;1350;1291;1221;1144;1063;989;928;881;851;830;810;789;761;724;680;633;589;548;516;488;468;451;438;426
BGR;Bulgaria;Median;1490;1488;1487;1480;1460;1425;1383;1324;1252;1172;1094;1020;958;911;879;856;835;815;788;749;704;656;612;571;535;507;486;468;456;449
BGR;Bulgaria;Upper;1526;1522;1520;1513;1492;1459;1416;1360;1289;1203;1125;1054;992;942;905;881;860;843;818;776;728;679;634;593;557;528;504;487;476;479
BFA;Burkina Faso;Lower;14675;15135;15586;16041;16432;16741;16982;17152;17227;17163;16974;16759;16498;16273;16007;15713;15339;14945;14461;13939;13413;13012;12686;12359;12103;11882;11640;11438;11201;11025
BFA;Burkina Faso;Median;16257;16680;17118;17564;18007;18379;18655;18855;18929;18872;18724;18536;18329;18123;17919;17696;17478;17263;17022;16798;16627;16527;16499;16522;16530;16573;16566;16592;16593;16574
BFA;Burkina Faso;Upper;18076;18444;18885;19347;19855;20325;20709;20979;21025;20977;20843;20651;20475;20338;20263;20132;20123;20167;20306;20463;20722;21127;21552;22046;22547;23151;23766;24472;25134;25728
BDI;Burundi;Lower;12468;13608;14755;30738;20023;19733;18923;19078;19273;18584;19327;18642;17288;15364;14126;12798;11525;10464;9629;9042;8720;8605;8589;8613;8632;8622;8517;8381;8230;8064
BDI;Burundi;Median;15357;16486;17639;37705;23846;23274;22169;22235;22416;21508;22341;21463;19799;17491;15944;14445;13030;11874;10991;10400;10061;9905;9900;9987;10135;10322;10517;10667;10797;10913
BDI;Burundi;Upper;19918;20906;21957;49225;29732;28682;26970;26775;26692;25421;26241;25171;23096;20261;18265;16421;14826;13631;12708;12074;11681;11531;11554;11752;12103;12702;13504;14475;15441;16386
CPV;Cabo Verde;Lower;106;112;117;123;128;132;134;136;136;136;136;135;133;132;130;129;126;123;120;116;112;107;101;94;87;80;74;68;63;59
CPV;Cabo Verde;Median;116;121;126;131;135;139;141;142;142;142;141;141;139;138;136;135;132;128;126;123;117;114;109;104;99;93;89;86;82;79
CPV;Cabo Verde;Upper;128;130;134;139;143;146;148;149;149;148;148;147;145;144;143;141;138;136;132;129;125;121;118;115;113;111;111;110;109;109
KHM;Cambodia;Lower;12812;13031;13034;12819;12483;12156;11774;11367;10928;10449;9958;9490;9009;8497;7956;7476;7011;6537;6023;5516;5050;4677;4342;4023;3721;3466;3267;3088;2913;2780
KHM;Cambodia;Median;14682;14762;14642;14343;13943;13532;13080;12559;12013;11456;10902;10387;9914;9450;8979;8493;8007;7486;6924;6380;5905;5551;5277;5057;4879;4721;4573;4414;4266;4124
KHM;Cambodia;Upper;16869;16765;16514;16121;15692;15249;14730;14098;13415;12717;12052;11460;10949;10493;10060;9560;9064;8538;7953;7414;6939;6644;6500;6488;6523;6530;6561;6546;6489;6439
CMR;Cameroon;Lower;16376;16965;17582;18210;18856;19474;20101;20717;21305;21836;22305;22778;23236;23633;24006;24312;24643;24931;25213;25459;25613;25748;25886;25984;26031;26022;25966;25826;25680;25419
CMR;Cameroon;Median;17899;18527;19155;19795;20441;21073;21740;22395;23018;23604;24141;24657;25138;25582;26009;26400;26758;27143;27539;27922;28281;28605;28953;29326;29691;30066;30450;30829;31141;31335
CMR;Cameroon;Upper;19566;20220;20901;21575;22256;22962;23681;24413;25144;25807;26418;26974;27475;27956;28425;28857;29249;29685;30195;30733;31282;31854;32477;33204;33932;34749;35667;36658;37564;38520
CAN;Canada;Lower;3771;3587;3424;3296;3194;3116;3051;2995;2945;2893;2843;2799;2760;2735;2714;2694;2674;2635;2580;2511;2447;2406;2394;2406;2421;2436;2444;2431;2391;2320
CAN;Canada;Median;3845;3648;3484;3352;3248;3166;3100;3044;2992;2940;2889;2848;2811;2784;2763;2741;2723;2683;2625;2559;2496;2457;2440;2448;2470;2484;2489;2485;2472;2447
CAN;Canada;Upper;3922;3711;3545;3408;3302;3217;3151;3097;3043;2990;2937;2895;2860;2831;2812;2792;2777;2738;2671;2604;2543;2502;2486;2495;2522;2535;2538;2541;2551;2577
CAF;Central African Republic;Lower;4108;4175;4239;4308;4370;4414;4468;4506;4557;4591;4623;4646;4672;4665;4634;4583;4500;4416;4319;4206;4091;3956;3838;4271;4243;3524;3439;3695;3519;3257
CAF;Central African Republic;Median;4663;4739;4836;4942;5038;5133;5232;5326;5418;5504;5594;5685;5785;5887;5966;6007;6008;6012;6000;5972;5932;5814;5709;6628;6700;5514;5471;6083;5860;5484
CAF;Central African Republic;Upper;5309;5426;5591;5762;5952;6135;6324;6503;6658;6847;7035;7238;7485;7798;8117;8403;8678;8905;9063;9246;9420;9523;9573;11628;12130;9893;10041;11592;11423;10790
TCD;Chad;Lower;12439;12046;12352;12663;12967;13271;13601;13937;14286;14634;14995;15367;15788;16197;16578;16915;18167;17561;17884;18175;18399;18636;18858;19024;19127;19131;18988;18790;18530;18179
TCD;Chad;Median;13984;13477;13749;14029;14328;14623;14949;15304;15680;16056;16438;16858;17298;17750;18188;18609;20058;19459;19894;20313;20725;21172;21629;22096;22519;22849;23106;23311;23474;23588
TCD;Chad;Upper;15805;15157;15362;15629;15897;16190;16525;16888;17285;17690;18113;18553;19048;19564;20078;20586;22244;21662;22237;22833;23472;24209;25028;25901;26791;27669;28532;29534;30567;31553
CHL;Chile;Lower;2838;2764;2713;2679;2651;2618;2569;2507;2428;2352;2306;2266;2226;2185;2145;2113;2098;2119;2137;2129;2205;2040;1970;1905;1859;1808;1746;1645;1524;1405
CHL;Chile;Median;2892;2818;2764;2727;2696;2663;2616;2547;2469;2399;2345;2305;2264;2221;2183;2155;2145;2157;2178;2177;2250;2078;2014;1953;1903;1869;1845;1817;1773;1721
CHL;Chile;Upper;2945;2867;2811;2771;2742;2711;2669;2593;2509;2440;2383;2344;2302;2260;2221;2193;2185;2195;2223;2231;2296;2121;2055;1996;1948;1934;1970;2023;2086;2137
CHN;China;Lower;318157;306075;295331;285970;276970;266669;257168;244689;230959;217734;207681;199586;193625;189530;185291;179736;173607;167021;189190;150956;140919;130570;119617;108631;98757;90685;83985;78594;74151;70286
CHN;China;Median;367405;352686;339906;327853;315690;302277;289918;274325;257250;241363;228305;217078;208596;202163;195935;189136;182329;175829;200215;162214;154387;145907;136954;127948;120132;113780;108508;104493;101491;98706
CHN;China;Upper;436484;419133;402788;386047;369265;350201;332964;312210;290442;269993;252819;237687;225694;216238;207627;199070;191361;184881;211967;174332;169136;163648;158064;153573;149504;146451;144305;143740;144081;145275
COL;Colombia;Lower;18650;18813;18840;18611;18190;17751;17479;17495;17849;18490;18995;19041;18453;17341;16004;14812;14068;13724;13603;13588;13493;13252;12860;12438;12093;11809;11679;11626;11593;11456
COL;Colombia;Median;21332;20560;19821;19132;18526;18074;17787;17801;18166;18809;19343;19380;18785;17656;16275;15070;14313;13961;13845;13814;13729;13477;13078;12657;12300;12028;11896;11844;11829;11798
COL;Colombia;Upper;24604;22550;20899;19689;18866;18402;18105;18112;18491;19123;19690;19720;19119;17983;16554;15337;14559;14202;14091;14053;13973;13708;13308;12891;12514;12253;12119;12074;12070;12154
COM;Comoros;Lower;317;319;320;321;322;323;324;351;326;327;327;327;326;324;321;317;311;304;297;288;279;272;266;259;252;247;241;234;228;223
COM;Comoros;Median;390;391;393;393;393;391;392;423;392;389;387;386;383;380;377;374;370;366;362;357;353;349;346;344;342;339;337;335;334;332
COM;Comoros;Upper;510;509;508;504;501;496;491;529;478;471;463;456;451;448;446;446;448;454;459;465;469;475;483;490;499;507;515;525;532;540
COG;Congo;Lower;3262;3352;3434;3506;3558;3578;3583;11345;6209;3908;3410;3338;3263;3180;3096;3011;2931;2844;2758;2660;2556;2440;2332;2233;2157;2095;2047;2009;1971;1934
COG;Congo;Median;4682;4598;4523;4450;4377;4298;4227;13305;7175;4466;3870;3774;3676;3577;3482;3397;3318;3246;3176;3098;3013;2929;2853;2793;2753;2729;2722;2730;2742;2752
COG;Congo;Upper;6928;6499;6134;5799;5530;5289;5104;16090;8499;5219;4458;4314;4184;4063;3962;3872;3811;3761;3702;3661;3615;3587;3585;3601;3625;3685;3765;3870;4003;4164
COK;Cook Islands;Lower;8;7;7;7;7;7;6;6;6;6;5;5;5;5;5;5;5;4;3;3;2;2;2;2;2;1;1;1;1;1
COK;Cook Islands;Median;9;9;9;8;8;8;8;7;7;7;7;7;7;7;7;6;6;6;6;4;3;3;3;3;3;3;3;3;3;3
COK;Cook Islands;Upper;11;11;10;10;10;9;9;8;8;8;7;7;7;7;8;8;8;7;7;7;6;6;5;5;5;5;5;5;5;5
CRI;Costa Rica;Lower;548;563;579;598;620;642;668;692;708;717;718;722;724;721;717;715;739;770;783;774;745;709;676;663;678;702;724;736;732;695
CRI;Costa Rica;Median;567;582;597;615;637;660;685;709;727;735;738;741;742;741;736;739;760;791;810;799;770;732;701;690;701;727;751;765;759;735
CRI;Costa Rica;Upper;587;599;615;634;653;678;703;729;747;754;758;760;763;762;757;763;784;816;839;826;795;755;727;716;725;752;779;795;789;776
CIV;Cote d'Ivoire;Lower;14475;15083;15722;16359;16967;17523;18094;18660;19197;19659;20083;20415;20737;21059;21403;21786;22150;22570;22949;23334;23598;23803;23899;23903;23807;23747;23635;23440;23205;22993
CIV;Cote d'Ivoire;Median;16213;16854;17521;18200;18855;19469;20116;20737;21335;21871;22339;22730;23126;23512;23933;24417;24947;25514;26137;26822;27494;28126;28672;29191;29643;30007;30275;30571;30760;30897
CIV;Cote d'Ivoire;Upper;18224;18898;19604;20329;21061;21770;22509;23232;23940;24524;25035;25465;25900;26365;26880;27531;28255;29120;30121;31207;32416;33754;35116;36561;38146;39839;41349;42935;44193;45571
HRV;Croatia;Lower;659;2128;1873;1132;716;1432;565;539;510;482;461;444;431;419;406;393;378;358;336;312;288;266;247;233;222;213;205;196;185;174
HRV;Croatia;Median;686;2248;1994;1205;760;1509;589;559;526;498;476;459;446;434;422;409;393;372;349;324;301;278;259;244;232;223;216;208;203;197
HRV;Croatia;Upper;717;2380;2133;1289;808;1595;615;578;544;515;492;475;462;449;437;424;408;388;364;339;314;290;270;255;243;234;227;223;220;221
CUB;Cuba;Lower;2931;2852;2754;2636;2497;2332;2156;1963;1775;1615;1484;1378;1297;1237;1191;1147;1114;1083;1055;1032;1009;988;963;938;914;896;883;878;875;866
CUB;Cuba;Median;2990;2905;2805;2688;2546;2379;2198;2001;1810;1646;1513;1402;1321;1261;1214;1170;1137;1107;1080;1057;1035;1011;988;961;937;919;906;901;902;903
CUB;Cuba;Upper;3050;2958;2859;2742;2598;2429;2242;2040;1846;1677;1543;1430;1346;1286;1238;1195;1161;1132;1106;1082;1060;1037;1012;985;960;942;929;925;930;943
CYP;Cyprus;Lower;96;102;108;114;120;125;130;135;139;142;144;144;144;141;138;134;126;119;111;104;98;91;86;81;77;72;66;61;56;52
CYP;Cyprus;Median;105;109;115;121;127;132;137;142;147;150;152;153;151;149;145;142;134;126;119;112;105;99;93;88;84;80;74;70;67;64
CYP;Cyprus;Upper;114;118;123;128;135;140;145;150;155;159;161;161;160;158;155;150;143;134;127;120;113;106;100;95;91;88;84;81;79;79
CZE;Czechia;Lower;1376;1413;1441;1454;1445;1408;1357;1299;1242;1193;1139;1084;1018;949;884;828;786;754;728;703;674;641;607;573;541;513;495;480;467;454
CZE;Czechia;Median;1406;1441;1471;1486;1474;1439;1389;1334;1278;1224;1170;1113;1046;976;908;851;808;775;749;725;696;662;629;594;562;535;515;499;485;478
CZE;Czechia;Upper;1437;1471;1503;1519;1506;1472;1422;1369;1313;1257;1203;1144;1076;1004;933;875;830;797;772;747;719;685;651;616;583;555;534;516;505;505
PRK;Democratic People's Republic of Korea;Lower;7687;8255;8795;9236;9590;9811;9849;9660;9281;8735;8076;7406;6792;6314;5991;5831;5800;5796;5756;5669;5502;5299;5060;4844;4630;4443;4273;4111;3974;3823
PRK;Democratic People's Republic of Korea;Median;9831;10556;11248;11815;12268;12551;12600;12359;11874;11173;10328;9471;8684;8071;7658;7454;7414;7408;7359;7246;7033;6773;6467;6191;5916;5678;5460;5254;5080;4885
PRK;Democratic People's Republic of Korea;Upper;12609;13543;14432;15159;15744;16109;16173;15862;15238;14338;13250;12148;11137;10350;9820;9558;9508;9499;9435;9292;9018;8685;8292;7938;7585;7278;6999;6735;6510;6263
COD;Democratic Republic of the Congo;Lower;53349;55290;57400;59582;61599;63423;74167;70906;68282;69700;71030;72581;74112;75626;77029;78405;79909;81520;83496;85465;87331;88913;90444;91520;92444;92753;92696;92428;91921;91165
COD;Democratic Republic of the Congo;Median;66626;68142;69852;71569;73181;74513;86825;81591;77564;78504;79573;80865;82269;83723;85276;86888;88746;90943;93361;95946;98585;101291;104211;106830;109199;111200;113081;114742;116365;117858
COD;Democratic Republic of the Congo;Upper;89995;89689;89555;89883;89904;89790;103830;95158;88996;89119;89704;90682;91777;93245;95008;96885;99209;101979;105207;108831;112908;117752;123195;128809;134551;140112;145646;151019;157330;162984
DNK;Denmark;Lower;497;483;469;455;443;430;417;405;393;383;371;361;349;337;327;318;312;305;296;284;269;254;240;230;223;219;215;209;201;192
DNK;Denmark;Median;518;500;485;473;459;446;433;420;408;397;386;375;361;349;338;330;323;316;307;294;280;265;253;243;236;230;227;221;214;210
DNK;Denmark;Upper;539;519;504;490;476;463;449;436;424;411;400;388;374;361;350;341;334;329;320;306;290;276;265;256;249;243;237;232;229;229
DJI;Djibouti;Lower;712;715;801;721;727;736;750;763;773;779;780;777;772;764;759;754;747;737;727;709;689;675;659;644;629;612;600;589;580;572
DJI;Djibouti;Median;918;921;1031;929;938;947;967;982;997;1002;1004;1001;994;985;977;972;962;950;936;914;887;870;849;829;809;789;771;758;746;735
DJI;Djibouti;Upper;1176;1182;1325;1193;1203;1217;1241;1261;1279;1287;1289;1283;1275;1264;1255;1247;1234;1219;1199;1173;1138;1115;1090;1063;1037;1013;990;972;956;942
DMA;Dominica;Lower;13;13;13;13;12;12;11;11;11;11;11;11;11;12;12;12;12;12;12;12;12;12;11;11;10;9;9;8;7;7
DMA;Dominica;Median;16;16;15;14;14;14;13;13;13;13;12;13;13;13;14;14;15;15;15;15;14;14;13;13;13;13;13;11;11;11
DMA;Dominica;Upper;19;19;18;17;16;16;15;14;14;14;14;14;15;15;16;16;16;16;16;16;16;16;16;17;17;17;17;17;17;16
DOM;Dominican Republic;Lower;2590;2693;2787;2879;2968;3043;3107;3158;3213;3252;3289;3313;3321;3324;3407;3311;3286;3249;3200;3130;3044;2921;2767;2585;2418;2276;2153;2041;1949;1847
DOM;Dominican Republic;Median;3217;3258;3307;3361;3416;3480;3534;3591;3649;3695;3734;3763;3781;3799;3903;3818;3815;3803;3765;3725;3666;3587;3500;3416;3344;3279;3207;3130;3047;2969
DOM;Dominican Republic;Upper;3993;3945;3920;3922;3942;3985;4039;4102;4166;4230;4290;4337;4388;4429;4570;4501;4544;4549;4532;4534;4523;4536;4585;4663;4723;4767;4823;4858;4843;4861
ECU;Ecuador;Lower;4709;4649;4570;4506;4469;4458;4481;4521;4576;4629;4659;4638;4567;4478;4374;4267;4169;4058;3953;3843;3714;3561;3429;3297;3177;3061;2961;2870;2763;2652
ECU;Ecuador;Median;4817;4724;4640;4575;4533;4524;4546;4592;4647;4702;4742;4753;4754;4755;4757;4758;4758;4750;4732;4713;4684;4653;4614;4561;4500;4432;4386;4337;4288;4236
ECU;Ecuador;Upper;4929;4798;4711;4643;4602;4592;4614;4663;4719;4776;4823;4868;4950;5055;5183;5314;5443;5583;5707;5831;6007;6183;6373;6556;6698;6834;6930;7077;7194;7310
EGY;Egypt;Lower;27809;26292;25062;24233;23821;23576;23443;23201;22847;22452;22117;22010;22077;22126;22079;21873;21625;21415;21372;21578;21810;21983;21885;21500;20917;20365;20218;20472;20905;21226
EGY;Egypt;Median;28225;26649;25400;24566;24127;23901;23759;23522;23169;22762;22454;22332;22395;22466;22404;22210;21950;21741;21718;21902;22147;22321;22247;21848;21221;20713;20539;20787;21247;21718
EGY;Egypt;Upper;28648;27018;25741;24903;24433;24219;24080;23835;23491;23072;22786;22652;22714;22827;22754;22574;22277;22072;22071;22229;22493;22672;22624;22205;21527;21054;20864;21116;21604;22217
SLV;El Salvador;Lower;3767;2867;2688;2647;2692;2752;2777;2754;2697;2619;2539;2709;2455;2482;2542;2594;2615;2601;2573;2518;2421;2297;2224;2274;2438;2682;2934;3101;3086;2913
SLV;El Salvador;Median;3848;2918;2735;2690;2736;2798;2823;2802;2743;2663;2583;2753;2498;2526;2586;2640;2659;2646;2616;2561;2464;2336;2264;2316;2485;2736;3025;3281;3421;3442
SLV;El Salvador;Upper;3930;2972;2780;2732;2781;2846;2869;2851;2790;2708;2630;2799;2543;2568;2630;2688;2703;2692;2660;2604;2506;2375;2306;2357;2530;2793;3119;3473;3798;4069
GNQ;Equatorial Guinea;Lower;544;564;578;592;603;617;639;661;681;698;710;727;741;754;762;768;781;791;796;800;801;816;827;837;845;847;867;882;893;900
GNQ;Equatorial Guinea;Median;696;722;742;759;773;791;819;849;873;895;911;932;951;968;978;985;1002;1014;1022;1024;1026;1045;1062;1073;1083;1086;1112;1130;1145;1153
GNQ;Equatorial Guinea;Upper;899;932;958;978;998;1021;1057;1094;1127;1154;1174;1202;1226;1246;1259;1269;1292;1306;1315;1321;1321;1346;1367;1383;1395;1398;1430;1455;1472;1484
ERI;Eritrea;Lower;4195;3989;3774;3562;3358;3184;3023;2876;2754;2660;2603;2589;2590;2590;2583;2554;2492;2425;2350;2275;2199;2106;2022;1944;1875;1822;1772;1721;1672;1640
ERI;Eritrea;Median;4853;4591;4329;4073;3845;3650;3478;3329;3210;3119;3070;3077;3098;3117;3121;3095;3027;2952;2868;2778;2687;2578;2478;2392;2320;2267;2220;2169;2124;2089
ERI;Eritrea;Upper;5653;5329;5000;4695;4430;4206;4021;3863;3745;3664;3629;3665;3718;3767;3788;3772;3708;3624;3532;3434;3337;3236;3138;3055;3002;2963;2945;2920;2916;2916
EST;Estonia;Lower;400;408;410;404;391;372;351;329;308;292;280;270;261;252;242;230;216;200;184;166;149;134;119;107;97;88;81;74;67;60
EST;Estonia;Median;418;422;424;419;404;385;363;342;320;303;290;280;271;263;253;241;228;212;194;177;159;142;128;115;104;94;87;80;73;67
EST;Estonia;Upper;435;438;438;433;419;399;377;354;333;316;303;292;283;274;264;252;238;222;206;187;169;152;137;123;111;101;94;87;81;77
SWZ;Eswatini;Lower;583;605;628;650;673;697;724;754;782;811;838;855;866;874;878;879;881;879;877;874;871;868;865;863;859;849;832;810;785;761
SWZ;Eswatini;Median;756;775;793;810;827;847;869;897;928;960;989;1007;1021;1033;1039;1047;1050;1050;1052;1056;1061;1067;1076;1086;1089;1086;1073;1051;1026;1001
SWZ;Eswatini;Upper;1011;1018;1021;1029;1036;1047;1063;1088;1118;1151;1185;1206;1222;1238;1251;1263;1270;1277;1285;1298;1317;1340;1370;1395;1417;1433;1432;1426;1409;1397
ETH;Ethiopia;Lower;172562;152431;152145;151104;149323;146515;143502;140179;136679;139987;136752;125577;122058;118415;114678;110467;105974;101061;95865;90686;85412;80430;75707;70943;66286;62105;58856;56289;54245;52333
ETH;Ethiopia;Median;196174;171018;169446;167250;164380;160886;157067;152921;148887;152332;148678;136510;132681;128951;125004;120580;115991;111153;106237;101317;96688;92459;88398;84493;80755;77518;75032;73376;72188;71061
ETH;Ethiopia;Upper;225319;193655;189997;186435;182351;177793;173128;168382;163735;167130;163067;149825;146064;142082;137871;133104;128355;123308;118566;113884;109684;105991;102924;100176;97961;95764;94602;94671;95478;96720
FJI;Fiji;Lower;332;336;341;345;348;351;354;357;360;361;360;351;338;323;308;293;284;276;268;261;255;247;240;234;229;224;219;214;208;201
FJI;Fiji;Median;435;429;423;421;415;409;402;396;390;385;379;365;349;334;318;303;294;286;279;273;266;259;253;248;244;240;237;233;230;226
FJI;Fiji;Upper;625;589;557;529;504;483;460;441;426;412;398;381;363;346;330;314;305;297;290;283;278;271;266;262;259;257;255;255;255;257
FIN;Finland;Lower;651;609;564;524;496;476;466;463;467;474;477;475;467;455;446;437;434;429;421;407;387;366;344;324;309;299;299;307;318;326
FIN;Finland;Median;675;631;583;542;512;492;481;478;482;489;494;492;483;473;462;455;450;445;436;423;403;382;359;339;324;315;316;323;336;350
FIN;Finland;Upper;703;654;604;561;529;509;497;495;500;507;513;511;502;491;480;473;467;462;454;439;420;396;373;355;340;332;332;338;353;378
FRA;France;Lower;7994;7722;7412;7087;6735;6412;6122;5901;5772;5651;5512;5333;5121;4895;4649;4426;4223;4062;3955;3848;3736;3582;3390;3180;2992;2897;2873;2881;2879;2828
FRA;France;Median;8158;7873;7561;7218;6870;6533;6246;6022;5875;5757;5613;5430;5218;4982;4739;4513;4308;4149;4028;3924;3810;3656;3458;3238;3056;2957;2928;2940;2969;2989
FRA;France;Upper;8328;8030;7712;7354;7008;6658;6365;6143;5980;5869;5721;5533;5318;5070;4831;4598;4391;4229;4102;4002;3886;3734;3531;3297;3118;3015;2984;3001;3059;3164
GAB;Gabon;Lower;669;712;754;794;832;865;896;924;947;969;987;1005;1018;1025;1029;1025;1015;1001;977;946;911;888;863;842;820;799;782;768;756;744
GAB;Gabon;Median;837;875;911;947;980;1013;1043;1071;1098;1122;1146;1168;1189;1203;1215;1226;1233;1234;1227;1215;1204;1201;1202;1201;1197;1189;1183;1177;1169;1163
GAB;Gabon;Upper;1074;1097;1124;1152;1184;1215;1246;1276;1303;1328;1359;1391;1418;1441;1473;1499;1533;1563;1582;1614;1640;1686;1727;1773;1811;1842;1871;1898;1929;1960
GMB;Gambia;Lower;1221;1225;1230;1233;1236;1236;1241;1249;1257;1261;1265;1268;1268;1267;1265;1260;1256;1253;1250;1248;1245;1243;1240;1239;1237;1236;1232;1227;1222;1218
GMB;Gambia;Median;1563;1571;1575;1578;1581;1582;1588;1598;1607;1614;1619;1622;1623;1621;1616;1611;1606;1601;1598;1595;1592;1589;1585;1584;1581;1579;1573;1568;1561;1557
GMB;Gambia;Upper;2017;2025;2033;2037;2040;2041;2050;2061;2072;2082;2087;2091;2092;2088;2082;2075;2068;2062;2058;2055;2049;2044;2041;2039;2035;2032;2024;2018;2010;2005
GEO;Georgia;Lower;1087;1200;1453;1913;930;843;752;680;630;592;564;541;523;509;499;495;494;496;701;501;496;485;475;469;465;463;459;451;437;418
GEO;Georgia;Median;1123;1243;1511;1983;958;866;772;699;647;609;579;557;540;524;513;510;510;515;728;519;514;502;493;486;482;481;477;471;463;453
GEO;Georgia;Upper;1160;1289;1573;2058;989;890;793;719;666;627;597;573;555;541;531;527;528;533;754;538;532;520;511;504;501;498;494;491;491;493
DEU;Germany;Lower;8683;8373;7989;7581;7177;6832;6540;6307;6121;5935;5739;5534;5306;5056;4781;4514;4279;4069;3886;3711;3543;3401;3269;3152;3051;2976;2935;2904;2860;2779
DEU;Germany;Median;8870;8538;8146;7719;7308;6952;6655;6418;6223;6035;5833;5628;5395;5135;4861;4596;4357;4145;3954;3776;3604;3460;3327;3207;3107;3030;2987;2961;2940;2915
DEU;Germany;Upper;9066;8715;8313;7859;7437;7068;6765;6524;6321;6138;5933;5729;5495;5221;4945;4674;4435;4217;4020;3844;3669;3521;3384;3260;3161;3083;3040;3021;3028;3065
GHA;Ghana;Lower;16136;16358;16560;16761;16916;16981;16973;16940;16881;16821;16757;16756;16759;16774;16756;16708;16596;16430;16241;16016;15739;15435;15056;14656;14249;13873;13498;13232;12926;12619
GHA;Ghana;Median;19697;19604;19558;19495;19402;19279;19147;19003;18870;18758;18685;18640;18624;18616;18592;18537;18490;18411;18306;18146;17995;17837;17665;17497;17344;17207;17055;16965;16840;16757
GHA;Ghana;Upper;25945;24835;23985;23279;22804;22381;21999;21723;21443;21258;21107;21069;21004;20981;20957;20974;20956;20972;20985;20936;20949;21040;21206;21487;21859;22227;22526;23013;23502;24010
GRC;Greece;Lower;1346;1330;1305;1278;1249;1222;1200;1185;1173;1182;1126;1091;1052;1017;982;945;903;856;803;750;697;634;577;528;488;460;441;422;401;380
GRC;Greece;Median;1380;1359;1335;1307;1278;1251;1230;1213;1200;1211;1154;1120;1083;1049;1012;972;929;881;828;773;718;653;596;548;508;478;457;439;424;410
GRC;Greece;Upper;1412;1391;1366;1335;1307;1280;1257;1241;1229;1243;1185;1149;1113;1077;1040;1000;956;908;855;800;741;672;614;566;528;496;473;457;450;448
GRD;Grenada;Lower;26;26;25;25;24;24;23;23;22;22;21;21;21;21;20;20;19;19;18;17;17;17;16;16;16;15;15;14;13;13
GRD;Grenada;Median;29;28;28;28;27;26;24;25;24;23;24;23;23;23;23;23;23;21;19;19;19;19;18;18;18;18;18;16;16;16
GRD;Grenada;Upper;33;32;31;30;30;29;28;27;27;26;26;26;26;25;25;25;24;24;23;22;22;21;21;21;21;21;21;21;21;21
GTM;Guatemala;Lower;6918;6922;6847;6714;6570;6444;6338;6308;6308;6321;6339;6394;6503;6634;6795;7174;7009;7009;6933;6826;6707;6613;6561;6545;6590;6670;6740;6746;6635;6377
GTM;Guatemala;Median;7019;7017;6937;6807;6660;6531;6428;6395;6401;6410;6428;6487;6597;6740;6900;7284;7122;7113;7040;6931;6813;6722;6666;6655;6700;6783;6867;6925;6959;6952
GTM;Guatemala;Upper;7122;7113;7032;6904;6751;6621;6520;6483;6496;6502;6520;6582;6691;6845;7006;7394;7237;7224;7154;7038;6918;6828;6767;6765;6812;6899;6989;7112;7299;7578
GIN;Guinea;Lower;10651;10818;10992;11159;11322;11468;11647;11840;12074;12267;12423;12536;12654;12738;12791;12838;12832;12845;12890;12946;12995;12999;12965;12884;12760;12647;12479;12249;12081;11845
GIN;Guinea;Median;11841;11968;12098;12229;12363;12498;12666;12865;13086;13305;13487;13634;13770;13873;13967;14074;14115;14197;14310;14427;14551;14635;14734;14861;15007;15127;15221;15288;15348;15378
GIN;Guinea;Upper;13398;13405;13427;13497;13560;13680;13823;14027;14249;14506;14738;14943;15122;15264;15377;15522;15629;15759;15929;16136;16394;16648;16966;17395;17901;18428;18993;19637;20281;20980
GNB;Guinea-Bissau;Lower;1204;1252;1305;1363;1411;1460;1511;1562;2001;1770;1700;1726;1737;1743;1738;1732;1719;1701;1679;1647;1610;1568;1527;1484;1447;1408;1381;1354;1332;1311
GNB;Guinea-Bissau;Median;2042;2059;2063;2062;2057;2049;2046;2047;2516;2173;2054;2050;2050;2045;2036;2025;2010;1993;1971;1944;1910;1878;1848;1826;1805;1792;1780;1770;1758;1747
GNB;Guinea-Bissau;Upper;4588;4153;3785;3454;3189;3003;2848;2732;3218;2695;2508;2475;2444;2426;2409;2393;2377;2362;2341;2319;2290;2268;2260;2258;2265;2277;2281;2296;2313;2332
GUY;Guyana;Lower;317;307;300;296;298;302;307;310;309;305;298;292;286;281;278;277;278;279;279;281;286;296;309;322;329;329;318;300;281;263
GUY;Guyana;Median;331;319;311;307;308;313;318;321;321;316;310;303;298;291;288;286;288;287;289;291;296;306;319;335;348;357;359;355;349;340
GUY;Guyana;Upper;346;332;323;319;320;324;329;332;333;328;321;315;308;302;298;296;298;298;298;301;306;316;332;350;370;390;406;422;434;442
HTI;Haiti;Lower;9460;9493;9463;9389;9298;9210;9107;9013;8936;8820;8688;8541;8391;8235;9550;7911;7732;7557;7363;7174;63878;6787;6593;6393;6174;5962;5732;5511;5307;5100
HTI;Haiti;Median;10804;10730;10624;10491;10357;10236;10106;9991;9894;9788;9662;9525;9393;9262;10794;8973;8801;8621;8438;8256;74503;7914;7750;7590;7420;7263;7108;6970;6833;6714
HTI;Haiti;Upper;12567;12314;12087;11852;11668;11506;11345;11185;11063;10939;10814;10673;10547;10419;12176;10151;10012;9856;9719;9573;87741;9312;9195;9106;9043;9020;8980;8990;8987;9024
HND;Honduras;Lower;2609;2608;2603;2590;2575;2561;2547;2544;6061;2552;2561;2572;2580;2589;2595;2592;2592;2587;2584;2581;2576;2574;2562;2552;2538;2514;2491;2454;2418;2376
HND;Honduras;Median;3081;3072;3056;3040;3027;3020;3016;3019;7138;3030;3038;3044;3050;3057;3064;3067;3068;3067;3064;3063;3067;3073;3080;3084;3078;3063;3041;3011;2980;2944
HND;Honduras;Upper;3708;3677;3652;3629;3606;3599;3598;3602;8420;3621;3635;3642;3650;3662;3670;3676;3683;3689;3692;3696;3709;3724;3757;3808;3855;3906;3938;3954;3963;3961
HUN;Hungary;Lower;1590;1553;1499;1432;1353;1273;1203;1149;1107;1065;1019;969;913;859;809;769;731;697;667;635;603;572;544;521;501;484;469;451;430;405
HUN;Hungary;Median;1624;1587;1531;1461;1382;1304;1235;1181;1135;1094;1047;996;938;882;832;791;750;717;685;653;622;591;564;541;521;503;488;472;456;442
HUN;Hungary;Upper;1659;1622;1566;1489;1409;1332;1265;1210;1165;1125;1077;1023;966;907;855;812;772;738;705;673;640;609;583;560;540;522;506;493;485;483
ISL;Iceland;Lower;35;34;33;32;31;30;29;29;28;28;27;26;25;24;23;22;22;21;20;19;19;18;17;16;16;15;14;14;13;12
ISL;Iceland;Median;41;39;36;36;35;33;32;32;32;29;29;29;28;27;25;25;24;23;23;22;22;20;19;19;18;17;16;15;15;14
ISL;Iceland;Upper;49;45;42;40;38;37;36;35;34;34;33;32;31;30;29;28;27;26;25;24;24;23;22;22;21;21;20;20;19;19
IND;India;Lower;812124;812490;809101;802484;794009;785387;778194;771322;763584;753406;742376;729477;715783;701263;685624;668626;649552;629220;606893;583479;558873;532461;506025;477077;445960;414259;385330;360624;337807;317190
IND;India;Median;853748;847600;840225;831793;823462;814955;806992;798945;790271;780533;768825;755802;742027;727370;711408;693764;674671;653770;631124;606806;581420;555082;527993;501073;474389;449081;427429;409956;394808;382347
IND;India;Upper;899033;884985;873472;863346;853945;844462;836489;828482;819561;809970;798010;785139;770612;755814;739691;721776;702887;681793;658397;633143;606600;578942;551896;526452;503784;483320;467466;459002;459368;464513
IDN;Indonesia;Lower;99260;97500;95466;93369;91258;89491;88051;87002;86051;85160;84197;83057;81962;80617;132712;78080;76296;74534;72588;70572;68518;66869;64858;62564;60199;57645;55267;53307;51537;49859
IDN;Indonesia;Median;109271;107272;105031;102778;100587;98718;97046;95664;94542;93463;92388;91332;90190;88982;146563;86701;85295;83830;82359;80962;79614;78808;77792;76787;75701;74543;73394;72383;71551;70607
IDN;Indonesia;Upper;120319;118124;115541;112984;110772;108656;106719;105332;104136;102987;102049;101222;100362;99406;163405;97458;96681;96049;95416;95112;95317;96322;97101;98935;100828;102402;104067;105659;107029;108254
IRN;Iran (Islamic Republic of);Lower;38336;25980;25510;25005;24638;24354;24281;24309;24330;24530;24881;25240;25783;35363;27160;27869;28472;28938;28845;28011;26417;24271;21996;19900;18294;17164;16444;15889;15286;14513
IRN;Iran (Islamic Republic of);Median;47217;32235;31412;30618;29944;29397;29071;28713;28473;28319;28279;28247;28341;37967;28727;28934;29192;29475;29383;28540;26962;24807;22431;20278;18626;17472;16763;16319;16017;15730
IRN;Iran (Islamic Republic of);Upper;60065;41219;40005;38762;37606;36530;35702;34836;34080;33367;32778;32053;31461;40944;30478;30088;29943;30034;29924;29085;27520;25346;22883;20670;18966;17785;17091;16774;16787;17111
IRQ;Iraq;Lower;7607;17718;7602;7616;7608;7936;7588;7571;7529;7466;7397;7350;7285;23164;21075;23421;32836;28283;15264;11234;10271;10303;10731;14897;22854;20624;23038;18123;9213;8525
IRQ;Iraq;Median;9229;21308;9125;9097;9061;9404;8996;8950;8907;8862;8811;8777;8775;28077;25761;28812;40732;35331;19130;14171;13028;13136;13727;19126;29509;26706;29992;23630;11955;11078
IRQ;Iraq;Upper;12029;26875;11485;11291;11108;11422;10840;10740;10646;10602;10602;10641;10723;34678;32131;36266;51877;45488;24845;18603;17298;17558;18583;26244;41000;37501;42652;33854;17002;15823
IRL;Ireland;Lower;495;490;487;492;504;523;540;552;556;550;535;515;494;471;451;432;417;399;377;354;331;303;277;253;232;213;198;184;171;160
IRL;Ireland;Median;514;506;502;507;520;537;555;569;573;567;552;534;510;488;469;449;433;414;392;369;343;316;288;264;242;223;211;198;189;184
IRL;Ireland;Upper;532;521;518;523;535;555;573;586;592;585;570;552;529;507;487;467;451;431;408;384;358;328;300;275;252;233;221;212;208;208
ISR;Israel;Lower;553;568;587;609;632;647;658;660;658;660;664;664;776;645;626;601;577;554;531;509;488;476;469;466;468;470;470;469;464;454
ISR;Israel;Median;572;584;603;625;648;665;675;677;678;681;684;685;799;667;644;618;593;569;547;524;505;492;485;481;482;484;486;486;484;481
ISR;Israel;Upper;590;600;619;642;665;684;693;696;698;700;704;706;832;693;666;638;611;587;564;540;520;508;500;496;497;500;503;505;506;509
ITA;Italy;Lower;6792;6717;6512;6194;5851;5525;5202;4891;4581;4310;4067;3859;3680;3504;3340;3175;3040;2921;2791;2656;2511;2376;2252;2132;2027;1945;1925;1923;1892;1824
ITA;Italy;Median;6936;6882;6651;6322;5978;5641;5311;4985;4675;4394;4146;3937;3749;3575;3402;3238;3102;2975;2845;2705;2559;2423;2294;2177;2074;1997;1971;1990;2018;2025
ITA;Italy;Upper;7094;7084;6802;6449;6099;5755;5421;5081;4772;4482;4228;4019;3822;3647;3468;3298;3163;3029;2903;2758;2610;2472;2338;2222;2117;2044;2017;2063;2180;2301
JAM;Jamaica;Lower;722;708;694;682;669;656;641;626;611;598;588;582;577;577;573;573;576;578;577;572;568;558;551;542;531;519;507;494;481;468
JAM;Jamaica;Median;922;906;888;871;854;838;819;798;780;765;752;743;738;734;734;733;736;738;736;731;725;714;704;692;679;664;648;631;615;596
JAM;Jamaica;Upper;1175;1154;1131;1110;1088;1068;1043;1017;994;973;958;946;940;937;934;934;938;940;937;930;923;909;895;880;864;846;826;804;783;759
JPN;Japan;Lower;11603;11406;11154;10858;10517;11985;9760;9311;8831;8357;7920;7532;7192;6910;6657;6417;6191;5961;5729;5502;5285;5960;4890;4702;4518;4345;4189;4040;3890;3721
JPN;Japan;Median;11797;11570;11317;11031;10708;12196;9924;9458;8964;8482;8033;7642;7306;7024;6766;6517;6281;6049;5817;5592;5373;6055;4967;4772;4588;4415;4258;4117;3990;3869
JPN;Japan;Upper;11992;11736;11479;11198;10880;12385;10082;9609;9109;8624;8157;7748;7409;7123;6863;6609;6372;6143;5912;5693;5473;6165;5056;4848;4656;4480;4326;4195;4092;4029
JOR;Jordan;Lower;1020;1068;1113;1156;1190;1219;1246;1271;1291;1308;1321;1325;1318;1300;1269;1330;1189;1169;1173;1199;1243;1309;1389;1475;1557;1631;1691;1742;1778;1784
JOR;Jordan;Median;1186;1239;1291;1340;1379;1407;1433;1447;1455;1456;1448;1429;1398;1360;1315;1375;1226;1202;1202;1224;1266;1333;1413;1501;1586;1666;1732;1790;1839;1871
JOR;Jordan;Upper;1402;1462;1522;1579;1621;1646;1660;1663;1651;1626;1592;1544;1488;1424;1365;1422;1265;1239;1233;1250;1292;1358;1441;1529;1618;1702;1775;1840;1901;1965
KAZ;Kazakhstan;Lower;5578;5751;5975;6215;6425;6541;6576;6485;6306;6104;5918;5811;5770;5808;5913;5979;5929;5749;5452;5070;4660;4267;3912;3579;3278;3023;2831;2695;2602;2534
KAZ;Kazakhstan;Median;5668;5837;6065;6312;6520;6644;6681;6589;6412;6202;6018;5906;5865;5906;6010;6084;6031;5852;5551;5160;4748;4346;3986;3646;3336;3080;2883;2742;2649;2601
KAZ;Kazakhstan;Upper;5760;5927;6159;6410;6621;6752;6787;6696;6518;6300;6119;6002;5960;6008;6110;6192;6136;5955;5655;5253;4837;4425;4058;3717;3396;3137;2934;2789;2698;2666
KEN;Kenya;Lower;20610;22261;23862;25389;26773;27932;29005;29830;30399;30793;31040;31074;31055;30950;30713;30201;29647;28985;28368;27838;27218;26592;25831;25184;24561;24065;23507;23021;22446;21954
KEN;Kenya;Median;23101;24749;26440;28104;29664;31011;32252;33166;33747;34154;34363;34341;34273;34170;33998;33658;33205;32729;32263;31839;31471;31153;30965;30844;30851;30872;30977;31028;31054;30938
KEN;Kenya;Upper;26070;27782;29686;31598;33401;34944;36382;37378;38038;38436;38575;38378;38239;38149;38021;37666;37346;37021;36722;36551;36633;36831;37415;38166;39163;40487;41941;43309;44735;46218
KIR;Kiribati;Lower;46;46;44;43;42;43;43;43;44;44;44;45;45;47;47;50;50;50;52;51;51;49;50;49;50;50;48;48;48;46
KIR;Kiribati;Median;59;57;57;56;55;55;55;55;56;56;56;56;58;59;61;62;63;65;65;65;65;65;63;63;63;64;63;62;61;60
KIR;Kiribati;Upper;75;74;73;71;71;70;71;71;71;72;71;73;74;76;79;80;82;84;84;83;83;83;81;81;82;81;82;80;79;77
KWT;Kuwait;Lower;685;6832;330;303;275;250;254;267;282;293;297;306;306;300;292;285;294;300;301;300;298;293;292;294;298;305;318;330;336;334
KWT;Kuwait;Median;728;7260;346;317;286;261;265;278;294;305;310;318;318;314;306;298;308;314;314;314;312;307;306;309;312;318;333;349;366;376
KWT;Kuwait;Upper;776;7718;362;332;299;272;276;289;305;317;321;331;332;327;320;312;323;329;331;329;326;320;319;321;325;331;347;374;408;438
KGZ;Kyrgyzstan;Lower;1521;1541;1564;1594;1631;1659;1667;1651;1615;1567;1512;1459;1411;1367;1333;1309;1306;1317;1326;1327;1313;1269;1218;1172;1134;1103;1075;1052;1032;1008
KGZ;Kyrgyzstan;Median;1552;1568;1591;1622;1658;1688;1695;1680;1643;1594;1540;1486;1435;1392;1358;1335;1332;1343;1355;1355;1342;1297;1248;1199;1160;1129;1101;1077;1059;1044
KGZ;Kyrgyzstan;Upper;1584;1596;1620;1651;1687;1717;1723;1707;1672;1621;1568;1512;1463;1419;1384;1362;1358;1369;1382;1382;1373;1326;1277;1228;1187;1156;1126;1103;1088;1084
LAO;Lao People's Democratic Republic;Lower;5690;5799;5908;6006;6054;6078;6054;6010;5947;5883;5788;5675;5536;5362;5172;4972;4740;4504;4277;4043;3817;3563;3333;3110;2891;2662;2474;2318;2188;2080
LAO;Lao People's Democratic Republic;Median;7425;7320;7227;7159;7096;7020;6938;6858;6771;6683;6570;6443;6292;6122;5939;5743;5521;5298;5066;4834;4598;4336;4089;3845;3624;3421;3266;3138;3033;2938
LAO;Lao People's Democratic Republic;Upper;9838;9352;8969;8687;8441;8254;8097;7986;7874;7772;7687;7533;7359;7188;6991;6815;6632;6452;6235;6017;5794;5503;5274;5035;4873;4725;4651;4588;4525;4487
LVA;Latvia;Lower;725;727;724;716;700;676;645;610;575;542;513;484;456;430;404;378;349;322;295;270;246;222;202;185;171;160;148;136;123;111
LVA;Latvia;Median;749;747;743;736;721;696;663;628;592;560;529;499;471;444;418;392;363;335;308;283;259;235;215;197;183;171;158;146;135;126
LVA;Latvia;Upper;773;768;765;757;742;716;682;645;609;575;544;514;486;459;433;407;377;350;323;298;273;249;228;209;194;181;169;158;148;141
LBN;Lebanon;Lower;1544;706;720;732;736;732;762;698;677;660;649;650;661;670;679;678;917;638;648;606;604;991;699;732;761;758;718;772;662;642
LBN;Lebanon;Median;1985;907;926;940;947;940;979;897;871;849;834;836;850;862;871;871;1179;820;833;778;775;1273;898;940;978;974;923;992;850;826
LBN;Lebanon;Upper;2540;1159;1182;1201;1209;1200;1249;1145;1111;1083;1064;1067;1083;1100;1113;1113;1505;1046;1061;993;990;1627;1146;1200;1247;1243;1177;1266;1084;1054
LSO;Lesotho;Lower;1374;1465;1562;1671;1782;1895;2009;2119;2219;2304;2366;2402;2409;2390;2353;2305;2226;2143;2064;1980;1896;1791;1692;1599;1498;1400;1303;1224;1162;1106
LSO;Lesotho;Median;1824;1883;1955;2029;2110;2196;2299;2400;2505;2596;2672;2713;2724;2707;2665;2615;2534;2454;2371;2290;2209;2101;1996;1906;1822;1750;1683;1631;1589;1552
LSO;Lesotho;Upper;2443;2440;2445;2465;2506;2555;2633;2732;2844;2952;3049;3100;3119;3099;3058;3009;2922;2834;2745;2662;2585;2473;2376;2303;2254;2231;2216;2219;2240;2271
LBR;Liberia;Lower;3132;2148;2176;2462;3251;2754;3539;2742;2974;3192;3364;3675;4530;5478;3650;3694;3758;3813;3864;3902;3898;3869;3804;3743;4767;3623;3553;3476;3412;3335
LBR;Liberia;Median;4677;2902;2870;3275;4259;3504;4388;3297;3532;3745;3910;4243;5209;6257;4126;4179;4262;4355;4453;4554;4635;4706;4768;4828;6307;4898;4919;4935;4942;4946
LBR;Liberia;Upper;9774;5013;4720;5267;6556;5066;6031;4350;4497;4619;4706;5026;6114;7319;4766;4810;4920;5064;5223;5382;5562;5776;6022;6241;8399;6668;6889;7149;7355;7610
LBY;Libya;Lower;1565;1559;1554;1545;1524;1492;1461;1424;1389;1356;1329;1313;1299;1283;1253;1221;1179;1136;1094;1053;1017;2454;1079;897;1698;1559;1600;1190;1060;1253
LBY;Libya;Median;1871;1864;1855;1839;1816;1784;1757;1726;1693;1662;1634;1615;1593;1570;1542;1506;1464;1419;1373;1328;1284;3094;1371;1150;2177;2003;2063;1548;1389;1639
LBY;Libya;Upper;2367;2343;2308;2260;2215;2160;2121;2089;2056;2026;2005;1987;1968;1949;1926;1900;1879;1853;1824;1796;1767;4222;1936;1658;3111;2865;2994;2293;2099;2485
LTU;Lithuania;Lower;907;926;936;936;923;897;860;820;785;758;737;717;699;682;665;646;621;591;556;517;477;436;398;363;329;297;263;231;202;176
LTU;Lithuania;Median;935;949;961;960;947;919;882;842;805;778;755;735;718;702;684;665;638;610;573;535;495;452;414;377;343;312;277;244;216;192
LTU;Lithuania;Upper;963;975;985;985;969;943;904;863;826;797;776;755;737;720;703;684;658;627;592;552;512;470;431;395;360;327;291;258;231;209
LUX;Luxembourg;Lower;51;50;49;47;44;41;39;37;35;33;31;29;28;27;25;24;24;23;22;21;20;19;19;18;16;15;14;13;12;11
LUX;Luxembourg;Median;58;56;53;51;48;46;43;40;39;36;34;32;30;29;29;27;26;26;25;24;23;23;20;20;19;18;16;16;15;15
LUX;Luxembourg;Upper;66;63;59;56;53;50;47;45;42;40;37;36;34;32;31;30;29;29;28;27;25;25;24;23;22;21;21;21;21;21
MDG;Madagascar;Lower;17796;17839;17863;17905;17924;17947;18004;18081;18174;18275;18397;18562;18784;19007;19250;19458;19624;19730;19774;19764;19714;19621;19544;19426;19250;19063;18953;18781;18538;18316
MDG;Madagascar;Median;19654;19642;19632;19637;19659;19669;19741;19843;19975;20132;20322;20541;20823;21152;21500;21862;22262;22650;22979;23275;23555;23802;24015;24273;24521;24733;24916;25108;25243;25331
MDG;Madagascar;Upper;22058;21886;21747;21675;21631;21598;21649;21751;21924;22150;22418;22783;23170;23666;24235;24830;25559;26363;27278;28155;29132;30042;30942;32100;33310;34556;35900;37207;38422;39631
MWI;Malawi;Lower;15788;15988;16170;16294;16489;16681;17012;17298;17509;17570;17483;17276;16963;16626;16259;15887;15546;15247;14982;14729;14449;14073;13610;13097;12490;11916;11445;11104;10770;10457
MWI;Malawi;Median;17242;17433;17561;17682;17855;18066;18429;18764;18992;19054;18943;18666;18306;17929;17578;17235;16915;16642;16404;16192;15961;15626;15268;14878;14487;14134;13886;13725;13610;13522
MWI;Malawi;Upper;18803;18952;19065;19199;19387;19661;20127;20544;20812;20830;20656;20281;19818;19402;19035;18701;18358;18148;17998;17897;17753;17510;17331;17172;17091;17145;17261;17489;17838;18240
MYS;Malaysia;Lower;5534;5597;5644;5713;5802;5889;5951;5935;5846;5731;5660;5678;5685;5665;5598;5497;5461;5458;5506;5552;5583;5530;5461;5397;5328;5268;5199;5106;4950;4719
MYS;Malaysia;Median;5770;5729;5737;5800;5894;5980;6043;6032;5943;5836;5756;5767;5776;5753;5688;5582;5548;5547;5592;5642;5671;5620;5555;5486;5419;5358;5291;5203;5083;4951
MYS;Malaysia;Upper;6018;5863;5831;5890;5988;6072;6136;6131;6045;5943;5858;5863;5870;5841;5780;5670;5636;5641;5681;5739;5766;5714;5650;5574;5512;5449;5384;5300;5223;5190
MDV;Maldives;Lower;106;101;97;92;88;84;81;77;74;71;69;67;65;64;96;61;60;59;58;57;56;56;55;54;52;50;51;49;46;42
MDV;Maldives;Median;112;107;102;96;92;88;85;82;78;75;73;72;71;68;103;65;64;63;62;62;61;61;60;59;57;55;58;56;56;53
MDV;Maldives;Upper;120;113;107;102;97;93;90;86;83;80;78;76;74;73;111;70;69;68;68;67;67;67;66;65;64;62;65;66;66;65
MLI;Mali;Lower;14736;14860;15029;15198;15359;15469;15599;15725;15842;15939;15991;16069;16109;16162;16201;16243;16333;16475;16644;16809;16964;17142;17362;17589;17813;17981;18104;18170;18186;18157
MLI;Mali;Median;16037;16141;16287;16448;16596;16722;16839;16964;17081;17182;17246;17323;17406;17493;17579;17659;17799;17975;18200;18444;18688;18958;19277;19629;19991;20336;20692;21018;21321;21573
MLI;Mali;Upper;17700;17714;17810;17951;18076;18195;18293;18391;18520;18607;18678;18761;18851;18960;19072;19233;19428;19656;19936;20270;20619;21011;21468;21995;22597;23287;24005;24774;25544;26265
MLT;Malta;Lower;26;27;28;29;29;30;30;30;30;29;29;28;28;27;26;25;24;23;22;21;20;19;19;18;17;16;15;13;12;11
MLT;Malta;Median;31;31;32;33;33;32;33;33;33;32;32;32;31;29;29;28;27;26;25;23;22;22;21;20;20;19;17;16;16;16
MLT;Malta;Upper;36;35;35;36;36;36;37;37;36;36;35;35;34;33;32;31;30;29;28;27;26;25;24;24;23;23;22;22;22;21
MHL;Marshall Islands;Lower;22;22;22;20;21;21;21;20;20;20;20;20;21;21;22;23;23;22;22;21;21;21;21;20;21;20;20;19;19;19
MHL;Marshall Islands;Median;27;26;27;27;27;27;26;26;26;25;26;26;27;28;29;29;29;29;30;29;28;27;28;27;25;25;26;26;24;25
MHL;Marshall Islands;Upper;34;34;35;35;34;35;35;34;34;34;33;33;34;36;36;38;38;38;37;37;37;36;35;33;32;33;33;32;32;33
MRT;Mauritania;Lower;2048;2049;2052;2061;2072;2085;2093;2101;2111;2120;2135;2153;2175;2197;2216;2232;2241;2247;2248;2248;2249;2241;2232;2226;2221;2215;2213;2209;2212;2212
MRT;Mauritania;Median;2382;2387;2398;2416;2437;2462;2485;2507;2530;2558;2585;2619;2654;2693;2728;2760;2781;2797;2811;2822;2832;2839;2840;2840;2845;2844;2851;2857;2864;2869
MRT;Mauritania;Upper;2806;2816;2837;2871;2907;2947;2988;3039;3090;3148;3207;3267;3331;3397;3457;3521;3566;3623;3664;3697;3738;3771;3804;3828;3860;3904;3941;3975;4009;4050
MUS;Mauritius;Lower;251;251;247;242;235;229;220;214;209;205;202;197;191;185;180;176;174;173;173;174;174;175;175;175;175;175;175;174;171;168
MUS;Mauritius;Median;264;261;257;251;245;238;228;221;218;214;211;205;200;194;188;184;181;180;180;180;181;183;183;183;184;184;183;182;181;181
MUS;Mauritius;Upper;278;273;269;263;256;249;239;231;226;223;220;215;209;202;195;191;188;187;187;188;189;190;190;191;192;192;193;193;194;196
MEX;Mexico;Lower;30824;30022;29208;28465;27767;27382;27197;26769;26103;25267;24619;24128;23729;23485;23281;23267;23583;24429;25976;27536;28597;28864;28310;27293;26404;26535;27423;28612;29494;29378
MEX;Mexico;Median;31358;30512;29702;28912;28250;27838;27647;27242;26524;25704;25021;24521;24140;23859;23683;23646;23995;24896;26409;28047;29140;29416;28847;27780;26970;27058;27969;29217;30384;31231
MEX;Mexico;Upper;31887;31032;30226;29375;28740;28296;28125;27757;26966;26166;25444;24941;24573;24249;24117;24058;24416;25365;26854;28582;29693;29988;29432;28285;27526;27588;28547;29846;31324;33255
FSM;Micronesia (Federated States of);Lower;47;48;49;49;50;50;51;51;51;51;50;49;60;49;48;48;46;44;41;40;37;37;36;36;37;36;36;35;34;33
FSM;Micronesia (Federated States of);Median;60;62;61;62;64;65;66;66;65;65;64;64;76;64;62;62;59;55;53;51;48;48;48;47;46;47;47;45;44;42
FSM;Micronesia (Federated States of);Upper;77;77;79;81;82;84;85;84;83;83;81;82;99;80;80;79;75;72;67;64;62;61;61;61;60;59;58;57;55;54
MCO;Monaco;Lower;2;2;2;2;2;1;1;1;1;1;1;1;1;1;1;1;1;1;1;1;1;1;1;1;1;1;1;1;1;1
MCO;Monaco;Median;2;2;2;2;2;2;2;2;2;2;2;2;2;2;2;2;2;2;2;2;2;2;2;2;2;2;2;2;2;1
MCO;Monaco;Upper;2;2;2;2;2;2;2;2;2;2;2;2;2;2;2;2;2;2;2;2;2;2;2;2;2;2;2;2;2;2
MNG;Mongolia;Lower;1262;1421;1530;1576;1566;1516;1476;1415;1301;1149;1008;920;879;880;912;930;912;876;881;955;1022;1027;965;888;835;785;739;687;637;582
MNG;Mongolia;Median;1362;1468;1564;1612;1597;1550;1508;1446;1333;1176;1035;944;903;905;936;959;939;903;912;984;1059;1061;998;923;864;815;764;712;663;613
MNG;Mongolia;Upper;1467;1519;1600;1650;1630;1586;1540;1478;1366;1202;1062;968;927;931;961;991;965;932;945;1013;1100;1097;1031;958;893;844;792;742;690;648
MNE;Montenegro;Lower;84;83;81;78;76;73;72;70;69;68;68;67;66;65;63;61;58;54;51;48;45;42;40;38;37;36;34;33;31;29
MNE;Montenegro;Median;92;89;86;84;80;79;76;75;74;73;73;72;71;70;67;65;63;58;55;52;49;46;44;42;41;39;39;38;37;35
MNE;Montenegro;Upper;100;96;93;90;87;84;82;80;79;78;77;77;76;75;73;71;68;64;60;57;53;50;48;46;45;44;43;43;43;44
MAR;Morocco;Lower;11213;10966;10682;10384;10097;9834;9567;9340;9136;8936;8722;8475;8218;7958;7707;7469;7228;7008;6794;6605;6413;6237;6073;5904;5747;5597;5444;5306;5172;5048
MAR;Morocco;Median;12775;12513;12226;11918;11620;11348;11081;10852;10647;10443;10229;9974;9702;9423;9148;8887;8622;8377;8143;7925;7714;7521;7333;7152;6977;6813;6643;6491;6350;6224
MAR;Morocco;Upper;14759;14487;14190;13858;13541;13265;12993;12759;12550;12357;12141;11864;11577;11280;10974;10700;10415;10149;9892;9657;9435;9215;9005;8797;8616;8436;8254;8084;7939;7822
MOZ;Mozambique;Lower;26679;26925;27271;27614;27804;27846;28081;28157;28121;28049;27882;27744;27625;27424;27166;26926;26682;26428;26118;25829;25489;25115;24690;24313;23817;23353;22958;22591;22249;21845
MOZ;Mozambique;Median;32575;31976;31686;31559;31432;31170;31204;31162;31046;30917;30737;30615;30525;30445;30356;30284;30202;30164;30161;30227;30313;30431;30506;30614;30710;30855;30983;31157;31481;31646
MOZ;Mozambique;Upper;39857;38112;37048;36304;35677;35161;34975;34749;34576;34396;34167;34040;34007;34055;34163;34314;34508;34861;35395;36033;36881;37975;39116;40309;41536;43060;44603;46346;48169;49710
MMR;Myanmar;Lower;42911;42734;41869;40657;39401;38288;37206;36324;35400;34549;33589;32657;31462;30307;29167;27784;26158;24571;55028;21359;19842;18416;16910;15305;13645;12203;11127;10293;9615;9061
MMR;Myanmar;Median;54218;53998;53633;52850;51800;50625;49463;48257;46842;45404;43945;42275;40604;38835;36947;34892;32563;30202;66918;25693;23640;21768;19983;18294;16943;15863;14999;14354;13842;13378
MMR;Myanmar;Upper;74568;73408;73995;75648;77928;79378;80313;79788;78068;76078;72720;68186;63226;57983;52778;48076;43749;39697;86456;32485;29251;26335;24180;22584;21459;20684;20215;20010;20009;20045
NAM;Namibia;Lower;1230;1260;1292;1331;1374;1419;1470;1524;1581;1638;1689;1723;1746;1764;1767;1761;1746;1720;1680;1643;1604;1557;1508;1462;1418;1371;1326;1279;1233;1193
NAM;Namibia;Median;1402;1436;1474;1516;1562;1609;1661;1715;1767;1821;1874;1911;1943;1964;1972;1972;1962;1942;1922;1897;1876;1854;1837;1825;1813;1795;1776;1752;1734;1710
NAM;Namibia;Upper;1597;1626;1661;1702;1750;1797;1854;1912;1972;2038;2104;2153;2196;2225;2235;2234;2224;2209;2196;2190;2201;2222;2253;2296;2343;2396;2444;2493;2551;2604
NRU;Nauru;Lower;4;4;4;4;4;4;4;4;4;4;4;4;4;4;4;4;4;4;4;4;4;4;4;4;3;3;3;3;3;3
NRU;Nauru;Median;7;7;7;7;6;6;6;6;6;5;5;5;5;5;5;5;4;4;4;4;4;4;4;4;4;4;4;4;4;4
NRU;Nauru;Upper;7;7;7;7;7;7;7;7;7;7;6;6;6;6;6;6;5;6;6;6;6;6;6;6;6;5;5;5;5;5
NPL;Nepal;Lower;19120;18836;18541;18211;17838;17376;16834;16244;15629;14989;14337;13592;16100;12374;12924;11481;11165;10905;10623;10337;10050;9739;9413;9057;8762;11123;8131;7794;7437;7104
NPL;Nepal;Median;21052;20736;20423;20062;19634;19097;18477;17823;17149;16496;15864;15179;18088;14003;14643;13030;12674;12335;11998;11662;11341;11086;10849;10623;10443;13504;10149;10010;9872;9700
NPL;Nepal;Upper;23558;23196;22846;22457;22001;21415;20697;19887;19051;18256;17540;16788;20051;15544;16348;14578;14235;13890;13562;13247;12997;12863;12850;12934;13104;17690;13628;13934;14190;14450
NLD;Netherlands;Lower;1392;1339;1288;1241;1200;1160;1129;1099;1074;1054;1028;997;961;918;874;832;802;778;756;736;715;697;679;662;646;634;625;621;617;609
NLD;Netherlands;Median;1432;1373;1320;1272;1229;1189;1155;1125;1099;1078;1052;1020;981;939;894;855;823;797;775;755;735;715;698;680;665;654;644;640;639;637
NLD;Netherlands;Upper;1469;1406;1352;1303;1256;1216;1181;1151;1125;1102;1079;1047;1006;961;916;875;843;817;795;773;753;734;716;699;684;673;664;660;661;671
NZL;New Zealand;Lower;755;717;685;663;644;624;598;568;540;515;497;487;481;480;480;479;476;470;463;455;445;432;418;403;387;369;347;323;300;276
NZL;New Zealand;Median;779;738;707;682;663;644;616;586;556;530;512;502;496;494;494;493;489;485;478;470;460;447;432;418;403;387;369;354;339;327
NZL;New Zealand;Upper;803;759;728;703;684;663;634;604;573;546;527;516;511;509;510;509;506;501;493;486;476;463;449;434;419;405;395;388;387;392
NIC;Nicaragua;Lower;2126;2141;2149;2151;2144;2141;2129;2114;2914;2070;2046;2012;1978;1941;1902;1862;1821;1776;1732;1685;1639;1596;1553;1512;1470;1428;1389;1353;1316;1284
NIC;Nicaragua;Median;2527;2535;2541;2541;2538;2531;2517;2499;3422;2455;2429;2397;2363;2325;2284;2243;2197;2151;2103;2055;2007;1961;1917;1872;1827;1781;1739;1695;1654;1615
NIC;Nicaragua;Upper;3029;3033;3040;3034;3031;3023;3010;2995;4075;2951;2922;2890;2853;2817;2775;2734;2692;2648;2604;2556;2513;2463;2421;2375;2335;2287;2244;2198;2166;2133
NER;Niger;Lower;19451;19739;20043;20329;20594;20809;21122;21485;21846;22136;22337;22634;22887;23124;23306;23427;23703;23984;24282;24522;24683;24842;24995;25124;25183;25160;25017;24867;24694;24586
NER;Niger;Median;21495;21765;22073;22345;22588;22788;23111;23479;23830;24144;24377;24732;25095;25450;25775;26069;26524;27018;27551;28120;28649;29222;29828;30440;31045;31588;32123;32624;33101;33569
NER;Niger;Upper;23872;24151;24451;24746;25024;25222;25489;25787;26121;26433;26710;27095;27581;28095;28595;29109;29801;30591;31454;32411;33494;34785;36113;37488;39081;40752;42362;44147;45982;47858
NGA;Nigeria;Lower;150721;152808;154729;156549;157974;159000;160252;161254;162174;162715;162859;163342;163762;164113;164478;164946;165423;165922;166202;166459;166733;167218;167607;168069;168113;167999;167995;168028;167414;166249
NGA;Nigeria;Median;171555;172867;173963;174847;175503;175808;176174;176543;176664;176738;176592;176575;176776;177168;177525;177882;178287;179004;179834;180639;181437;182516;183639;184883;186114;187327;188781;190039;191399;192574
NGA;Nigeria;Upper;201860;201547;201062;200198;199154;197674;196326;195342;194282;193402;192453;191954;191794;191764;192103;192299;192893;193804;195034;196292;197814;199800;202293;204728;207587;210823;214402;218362;222865;227830
NIU;Niue;Lower;0;0;0;0;0;0;0;0;0;0;0;0;0;0;0;0;0;0;0;0;0;0;0;0;0;0;0;0;0;0
NIU;Niue;Median;0;0;0;0;0;0;0;0;0;0;0;0;0;0;0;0;0;0;0;0;0;0;0;0;0;0;0;0;0;0
NIU;Niue;Upper;0;0;0;0;0;0;0;0;0;0;0;0;0;0;0;0;0;0;0;0;0;0;0;0;0;0;0;0;0;0
NOR;Norway;Lower;472;451;432;412;396;382;377;380;388;398;402;399;388;372;358;344;337;332;331;330;322;310;290;269;251;239;236;239;245;249
NOR;Norway;Median;495;471;451;431;412;399;395;397;404;414;419;414;402;386;371;359;351;347;344;343;337;325;304;284;265;253;249;252;259;270
NOR;Norway;Upper;516;492;471;451;431;418;413;415;422;430;437;432;419;402;386;373;365;361;359;358;353;340;318;297;279;267;263;266;275;294
OMN;Oman;Lower;450;448;443;435;422;408;413;416;416;413;407;401;396;395;394;393;404;411;413;414;411;431;441;442;430;411;428;437;435;421
OMN;Oman;Median;577;574;568;557;541;521;529;532;534;529;521;513;509;505;504;504;518;525;529;529;527;552;565;566;549;524;548;559;556;538
OMN;Oman;Upper;735;732;722;709;688;664;673;678;679;673;663;654;647;642;641;642;658;669;672;672;670;702;719;719;698;668;696;712;708;685
PAK;Pakistan;Lower;75915;78569;80801;82244;83157;83499;83381;82732;82064;81852;81240;80279;78922;77477;78043;80162;82644;84161;84869;84512;83248;81120;78626;76298;74125;71199;68344;65730;63418;61194
PAK;Pakistan;Median;82949;84657;86654;88298;89128;89122;88575;87994;87587;87266;86799;85934;84667;83978;84493;85939;88309;90784;92829;94268;95093;95373;95427;94935;94304;93497;92526;91644;90801;89832
PAK;Pakistan;Upper;90982;91642;93764;96306;96911;96047;95103;94379;93766;93283;92818;91445;90151;89876;90454;91754;94619;99223;105187;110287;114463;118210;121627;125044;127823;130752;134582;138761;142449;145742
PLW;Palau;Lower;6;6;6;6;6;6;6;6;6;6;6;6;6;6;6;6;6;6;6;6;5;5;4;4;3;3;3;3;2;2
PLW;Palau;Median;7;7;7;7;7;7;7;7;7;7;7;7;7;8;8;8;8;8;8;8;8;8;6;6;6;6;6;6;6;4
PLW;Palau;Upper;8;8;8;8;8;8;9;9;9;9;8;8;8;9;9;10;10;10;11;11;11;11;11;11;11;10;10;10;10;10
PAN;Panama;Lower;824;857;885;906;920;923;916;897;873;848;826;812;806;808;821;846;886;936;985;1026;1051;1059;1047;1021;988;951;921;894;865;831
PAN;Panama;Median;856;882;906;927;941;946;937;918;894;869;847;832;825;828;841;865;907;956;1008;1050;1075;1082;1071;1045;1010;975;943;916;891;866
PAN;Panama;Upper;892;906;929;950;964;968;959;941;916;889;867;852;845;849;861;887;928;980;1031;1072;1101;1107;1095;1069;1033;997;966;939;917;902
PNG;Papua New Guinea;Lower;2866;2896;2924;2947;2973;3000;3028;3055;3685;3111;3136;3154;3172;3188;3207;3223;3242;3259;3275;3288;3300;3316;3329;3344;3356;3366;3368;3371;3371;3359
PNG;Papua New Guinea;Median;3664;3703;3737;3769;3799;3835;3870;3907;4713;3978;4012;4031;4054;4076;4099;4119;4144;4166;4186;4201;4218;4237;4255;4273;4288;4301;4304;4308;4308;4292
PNG;Papua New Guinea;Upper;4690;4738;4782;4820;4861;4906;4951;4997;6032;5091;5131;5158;5186;5214;5242;5270;5301;5329;5352;5376;5394;5420;5441;5465;5483;5501;5505;5509;5508;5488
PRY;Paraguay;Lower;1797;1792;1787;1783;1781;1784;1791;1799;1809;1822;1832;1840;1846;1853;1855;1849;1834;1813;1786;1757;1728;1698;1672;1644;1619;1589;1559;1529;1495;1459
PRY;Paraguay;Median;2107;2105;2101;2098;2098;2105;2116;2131;2149;2169;2187;2201;2214;2227;2233;2231;2225;2208;2183;2157;2128;2098;2066;2036;2007;1975;1939;1905;1868;1830
PRY;Paraguay;Upper;2519;2519;2515;2512;2516;2528;2547;2570;2596;2622;2651;2670;2691;2710;2729;2735;2735;2722;2701;2677;2654;2622;2591;2567;2533;2500;2466;2432;2392;2351
PER;Peru;Lower;13244;13040;12068;11725;11366;10973;10564;10140;9703;9276;8889;8524;8188;7869;7554;7225;6880;6538;6174;5822;5483;5165;4882;4616;4394;4191;3953;3745;3519;3306
PER;Peru;Median;14458;14230;13121;12736;12316;11873;11431;10987;10560;10151;9764;9389;9033;8690;8364;8063;7742;7438;7139;6856;6609;6347;6145;5976;5820;5686;5527;5348;5154;4950
PER;Peru;Upper;16078;15842;14532;14037;13499;12947;12439;11939;11491;11048;10649;10271;9922;9605;9325;9070;8808;8608;8426;8295;8220;8101;8058;8095;8147;8201;8221;8198;8152;8067
PHL;Philippines;Lower;29343;31954;28441;27983;27535;27133;26897;26738;26666;26633;26659;26764;26870;27028;27195;27454;27666;27893;28171;28374;28387;28387;28254;29329;27959;27792;27439;26754;25671;24296
PHL;Philippines;Median;30998;33335;29299;28556;27946;27510;27250;27102;27021;27002;27044;27129;27255;27399;27580;27851;28051;28300;28561;28767;28798;28791;28685;29774;28405;28279;28126;27942;27687;27324
PHL;Philippines;Upper;32808;34783;30186;29140;28358;27883;27613;27485;27393;27375;27437;27513;27659;27778;27961;28256;28441;28730;28988;29194;29238;29206;29126;30237;28855;28761;28812;29151;29895;30966
POL;Poland;Lower;6309;6232;6119;5990;5875;5780;5722;5668;5576;5442;5263;5063;4852;4654;4493;4352;4227;4090;3927;3748;3555;3363;3175;2986;2801;2621;2473;2345;2225;2105
POL;Poland;Median;6416;6328;6211;6087;5974;5883;5813;5754;5668;5531;5351;5147;4938;4745;4581;4440;4303;4164;4003;3820;3625;3426;3235;3044;2855;2677;2528;2394;2273;2169
POL;Poland;Upper;6529;6438;6310;6182;6067;5978;5901;5847;5776;5632;5446;5231;5027;4840;4673;4526;4385;4246;4089;3897;3696;3492;3297;3104;2909;2734;2580;2440;2322;2241
PRT;Portugal;Lower;2295;2272;2218;2150;2078;1996;1911;1814;1700;1569;1429;1294;1167;1054;958;873;795;725;664;609;559;510;468;433;407;387;373;384;353;340
PRT;Portugal;Median;2342;2315;2260;2191;2116;2036;1949;1852;1736;1603;1463;1326;1197;1083;985;899;819;747;684;627;576;526;483;448;422;401;387;399;371;361
PRT;Portugal;Upper;2390;2359;2302;2233;2156;2077;1988;1890;1775;1639;1499;1359;1228;1112;1011;924;842;769;705;646;595;543;499;463;436;416;402;415;387;386
QAT;Qatar;Lower;70;74;75;75;74;72;73;75;76;79;82;91;98;103;108;115;153;178;188;182;167;187;198;196;184;165;156;142;125;110
QAT;Qatar;Median;78;81;82;81;79;78;78;80;82;84;87;98;104;110;116;124;167;196;207;204;189;209;219;216;203;184;178;169;157;144
QAT;Qatar;Upper;89;89;88;87;86;84;84;86;88;90;93;104;112;118;125;134;182;215;230;226;210;231;240;238;224;205;202;198;192;185
KOR;Republic of Korea;Lower;11109;10737;10320;9907;9475;9096;8593;7939;7158;6346;5657;5106;4648;4283;3978;3751;3573;3433;3324;3192;3028;2845;2664;2513;2369;2243;2139;2062;1986;1875
KOR;Republic of Korea;Median;11311;10930;10512;10081;9663;9261;8757;8098;7283;6467;5760;5197;4736;4359;4057;3822;3643;3502;3384;3256;3085;2897;2718;2562;2419;2291;2191;2115;2061;2007
KOR;Republic of Korea;Upper;11524;11125;10703;10255;9848;9439;8935;8276;7414;6587;5864;5289;4827;4438;4139;3896;3714;3571;3444;3321;3143;2951;2773;2611;2471;2341;2242;2169;2140;2158
MDA;Republic of Moldova;Lower;1192;1187;1470;1190;1182;1161;1133;1094;1052;1011;971;927;884;844;812;782;753;726;697;669;638;604;570;538;514;493;476;461;447;433
MDA;Republic of Moldova;Median;1221;1214;1502;1215;1205;1184;1155;1118;1075;1033;993;948;906;868;834;805;773;746;720;690;659;626;593;563;536;514;496;480;468;459
MDA;Republic of Moldova;Upper;1251;1241;1534;1241;1231;1209;1178;1139;1097;1056;1016;970;928;890;856;826;795;770;745;714;681;647;615;583;556;533;514;499;491;489
MKD;Republic of North Macedonia;Lower;283;283;279;273;267;263;260;259;257;255;249;269;233;222;210;198;188;178;169;160;151;143;136;129;123;117;112;106;100;94
MKD;Republic of North Macedonia;Median;297;294;289;283;277;274;270;268;268;264;260;281;243;232;220;208;197;188;179;169;160;153;145;138;131;126;119;114;109;104
MKD;Republic of North Macedonia;Upper;313;308;301;294;288;283;281;279;278;276;273;296;255;243;230;218;206;196;187;177;169;161;154;147;141;135;129;124;119;116
ROU;Romania;Lower;5285;4969;4841;4853;5005;5161;5208;5050;4710;4311;3918;3558;3250;2992;2808;2699;2673;2692;2666;2565;2385;2178;1955;1762;1628;1522;1434;1356;1293;1231
ROU;Romania;Median;5390;5070;4928;4944;5086;5250;5297;5139;4802;4391;4002;3630;3315;3054;2861;2759;2727;2746;2728;2620;2444;2227;2002;1806;1665;1561;1469;1392;1331;1283
ROU;Romania;Upper;5498;5172;5017;5035;5171;5347;5387;5229;4894;4471;4087;3702;3385;3121;2915;2819;2783;2804;2794;2680;2503;2281;2051;1853;1704;1602;1508;1430;1368;1339
RUS;Russian Federation;Lower;37793;40414;44923;49681;53416;54838;54374;52748;52647;55323;57509;56812;53659;50622;49222;47603;45105;41789;38159;34936;31833;29244;26738;24080;21527;19084;17043;15351;14143;13214
RUS;Russian Federation;Median;38578;41256;45753;50708;54439;56012;55439;53876;53853;56363;58868;58033;54766;51822;50240;48763;46118;42731;39154;35742;32703;29976;27382;24699;22001;19556;17417;15702;14456;13620
RUS;Russian Federation;Upper;39375;42117;46612;51771;55518;57288;56550;55022;55095;57442;60250;59250;55903;53048;51258;49936;47207;43712;40144;36550;33550;30691;28043;25335;22485;20029;17802;16066;14779;14046
RWA;Rwanda;Lower;21303;21682;21698;31620;113782;39248;21811;23725;22348;21572;20178;19484;16375;14654;13144;11834;10674;9678;8823;9402;7569;7128;6757;6333;5876;5484;5189;4903;4702;4516
RWA;Rwanda;Median;24255;24737;24763;36942;143988;44780;24634;26623;24784;23771;22183;21384;18000;16100;14458;13060;11850;10828;9987;10782;8709;8228;7861;7574;7340;7157;7018;6895;6810;6752
RWA;Rwanda;Upper;28050;28374;28408;43915;196319;52056;28165;30196;27709;26344;24488;23523;19806;17741;15987;14512;13238;12212;11328;12360;10025;9554;9261;9205;9478;9899;10358;10883;11406;11862
KNA;Saint Kitts and Nevis;Lower;9;10;10;11;11;11;11;11;12;12;11;12;12;12;12;12;13;13;13;13;13;14;14;14;13;13;13;12;11;11
KNA;Saint Kitts and Nevis;Median;11;12;12;12;12;13;13;14;14;14;14;15;14;14;15;14;14;15;15;15;15;15;15;16;16;15;15;15;15;15
KNA;Saint Kitts and Nevis;Upper;14;14;14;14;14;15;15;15;16;16;16;16;17;17;17;17;18;18;18;18;18;18;18;18;19;19;20;21;21;22
LCA;Saint Lucia;Lower;40;40;39;39;38;38;38;38;38;39;39;39;39;40;39;39;38;37;36;35;34;34;34;35;34;34;33;31;30;28
LCA;Saint Lucia;Median;44;43;43;42;42;41;41;41;41;41;43;43;43;43;43;43;41;40;39;39;39;38;37;38;38;38;38;37;36;35
LCA;Saint Lucia;Upper;49;48;47;46;45;44;44;45;45;45;46;46;46;46;47;47;46;44;43;42;41;42;42;42;43;43;43;43;44;44
VCT;Saint Vincent and the Grenadines;Lower;27;27;28;28;29;29;29;29;28;28;28;27;27;27;27;27;26;26;26;25;25;26;26;26;27;27;28;28;28;27
VCT;Saint Vincent and the Grenadines;Median;30;30;31;31;31;31;32;32;31;31;31;30;29;30;29;29;29;29;28;28;28;28;28;29;29;31;32;33;34;33
VCT;Saint Vincent and the Grenadines;Upper;33;34;34;34;34;35;35;34;34;34;33;33;33;32;32;32;32;31;31;31;31;31;32;33;34;35;37;39;41;43
WSM;Samoa;Lower;55;54;52;51;49;47;47;45;44;42;41;41;41;40;39;39;39;39;39;78;40;39;39;39;39;38;38;38;37;36
WSM;Samoa;Median;69;68;67;65;63;62;60;58;56;54;53;52;51;51;51;49;50;50;51;100;51;50;50;49;49;49;49;48;47;47
WSM;Samoa;Upper;92;88;86;84;80;79;77;74;72;70;67;67;65;64;64;63;63;64;64;128;65;65;65;64;63;62;63;62;61;60
SMR;San Marino;Lower;3;2;2;2;2;2;2;2;2;2;1;1;1;1;1;1;1;1;1;1;0;0;0;0;0;0;0;0;0;0
SMR;San Marino;Median;3;3;3;3;2;2;2;2;2;2;2;2;2;2;1;1;1;1;1;1;1;1;1;1;1;1;1;1;1;0
SMR;San Marino;Upper;5;4;3;3;3;3;3;3;3;3;2;2;2;2;2;2;2;2;2;2;2;2;1;1;1;1;1;1;1;1
STP;Sao Tome and Principe;Lower;94;99;102;104;106;107;107;108;108;108;107;105;102;100;98;96;94;93;91;90;88;86;84;81;80;78;76;74;73;72
STP;Sao Tome and Principe;Median;138;140;141;140;140;139;138;136;135;134;132;128;124;121;118;116;114;112;111;111;111;112;111;111;109;108;108;108;107;109
STP;Sao Tome and Principe;Upper;267;249;232;217;205;195;187;181;176;171;166;160;154;148;144;141;138;137;136;137;139;143;147;150;151;154;157;161;166;171
SAU;Saudi Arabia;Lower;4129;4252;4384;4540;4731;4897;5113;5260;5337;5372;5362;5502;5612;5718;5795;5823;5875;5866;5793;5641;5389;5062;4748;4413;4080;3790;3616;3664;3750;3624
SAU;Saudi Arabia;Median;7320;7175;7036;6891;6768;6706;6792;6841;6825;6749;6651;6758;6836;6882;6896;6893;6988;7079;7140;7171;7153;7079;6937;6741;6480;6186;6074;6399;6749;6658
SAU;Saudi Arabia;Upper;32326;24744;19275;15470;12776;11061;10368;9793;9318;8922;8563;8509;8451;8388;8322;8253;8408;8639;8945;9394;9888;10363;10612;10758;10732;10574;10863;11915;13001;13047
SEN;Senegal;Lower;10321;10466;10675;10973;11328;11668;12044;12338;12564;12707;12743;12702;12595;12432;12208;11956;11709;11464;11230;11007;10780;10524;10265;10002;9715;9398;9058;8735;8464;8169
SEN;Senegal;Median;11394;11566;11793;12075;12400;12742;13093;13424;13686;13845;13886;13817;13663;13465;13228;12989;12753;12540;12339;12154;11990;11805;11655;11521;11376;11226;11065;10933;10823;10801
SEN;Senegal;Upper;12616;12784;12995;13263;13580;13920;14293;14675;14990;15191;15217;15099;14895;14647;14401;14174;13968;13801;13661;13554;13491;13466;13503;13613;13738;13879;14078;14337;14651;14957
SRB;Serbia;Lower;1312;2258;2102;1662;1223;1332;1238;1298;1333;1306;1225;1129;1035;959;926;913;893;861;811;756;699;652;618;586;560;532;508;477;438;401
SRB;Serbia;Median;1355;2368;2208;1741;1270;1379;1281;1332;1369;1344;1260;1162;1064;991;953;941;922;887;838;781;724;676;640;609;581;554;530;507;487;466
SRB;Serbia;Upper;1403;2488;2327;1826;1321;1427;1324;1366;1410;1385;1295;1195;1094;1021;981;969;953;915;868;807;750;701;663;633;604;576;554;541;541;551
SYC;Seychelles;Lower;15;16;16;16;16;16;16;16;16;16;16;16;16;15;15;14;14;14;14;14;14;14;14;14;14;14;14;14;14;13
SYC;Seychelles;Median;18;18;18;18;18;18;18;18;18;18;18;18;18;17;17;16;16;15;16;16;16;16;16;16;17;18;18;18;18;18
SYC;Seychelles;Upper;21;21;21;21;21;21;21;21;21;21;21;21;20;20;20;19;19;18;18;18;18;18;18;19;20;21;22;24;25;25
SLE;Sierra Leone;Lower;8365;8542;8631;8701;8741;9851;8782;8801;11575;12110;8991;9263;9626;10044;10423;10725;10944;11095;11177;11228;11204;11161;11070;10960;12804;10671;10458;10191;9917;9659
SLE;Sierra Leone;Median;11243;11252;11162;11033;10879;12156;10607;10505;13737;14335;10585;10852;11230;11663;12068;12399;12634;12799;12897;12943;12958;12937;12944;12963;15352;13075;13118;13096;13028;12962
SLE;Sierra Leone;Upper;29971;24792;20730;17913;15800;16742;13376;12822;16582;17148;12597;12829;13214;13654;14102;14465;14710;14907;15053;15115;15123;15158;15262;15455;18568;16129;16665;17147;17664;18086
SGP;Singapore;Lower;416;380;351;330;315;305;300;295;291;288;284;283;279;271;261;253;250;249;247;245;241;238;234;228;221;213;204;193;180;164
SGP;Singapore;Median;437;396;366;344;329;319;314;308;304;300;296;294;290;281;273;264;261;260;258;254;252;248;245;240;232;225;215;205;195;183
SGP;Singapore;Upper;458;414;382;359;343;332;326;321;316;312;307;306;301;293;283;274;272;270;269;266;262;260;256;251;244;237;228;219;211;205
SVK;Slovakia;Lower;782;783;783;782;778;770;759;745;729;709;686;661;634;607;580;555;531;509;487;466;445;426;407;389;373;357;342;326;310;295
SVK;Slovakia;Median;804;801;799;797;792;785;774;759;744;725;702;678;652;623;596;571;546;523;502;480;459;438;420;402;386;370;355;339;324;312
SVK;Slovakia;Upper;827;821;818;816;811;803;791;778;762;742;719;694;667;639;611;585;560;537;515;494;473;452;433;415;398;382;367;353;341;331
SVN;Slovenia;Lower;311;308;302;294;286;277;267;257;248;238;228;218;207;195;184;172;161;149;138;126;115;106;98;93;88;84;79;75;71;67
SVN;Slovenia;Median;327;320;313;305;296;286;277;267;259;249;240;227;216;205;193;181;168;158;145;135;123;115;107;100;95;90;86;82;79;76
SVN;Slovenia;Upper;343;333;325;317;309;298;288;278;269;259;249;238;227;215;203;191;179;166;154;142;132;122;114;107;101;96;93;90;89;88
SLB;Solomon Islands;Lower;119;121;122;125;127;130;131;132;134;135;136;136;138;139;141;144;144;152;145;146;146;147;148;148;150;151;151;153;154;156
SLB;Solomon Islands;Median;152;155;158;161;164;165;168;169;170;172;174;175;178;178;181;183;184;196;186;187;186;188;190;190;191;193;194;195;196;198
SLB;Solomon Islands;Upper;195;199;202;204;208;211;214;218;219;220;223;224;226;229;232;234;235;250;238;239;239;241;242;243;246;248;248;250;252;253
SOM;Somalia;Lower;13123;17181;13012;11669;11753;11903;12188;12567;13010;13491;13990;14518;15102;15727;16364;16979;17576;18002;18303;18522;18684;18816;18976;19164;19304;19417;19523;19622;19676;19792
SOM;Somalia;Median;16909;22182;16768;15021;15130;15322;15689;16177;16747;17365;18008;18687;19439;20243;21062;21853;22621;23169;23553;23834;24041;24210;24410;24650;24829;24973;25106;25232;25300;25447
SOM;Somalia;Upper;21879;28774;21691;19410;19551;19798;20271;20901;21638;22435;23268;24142;25113;26152;27209;28232;29224;29931;30425;30782;31047;31260;31516;31822;32048;32230;32399;32557;32644;32830
ZAF;South Africa;Lower;18363;19695;21191;22904;24826;26890;29315;31793;34568;37403;40357;43277;45880;47861;49014;49184;48450;46876;44685;42080;39306;36523;34016;31868;30044;28553;27268;25973;24471;23013
ZAF;South Africa;Median;22265;23719;25405;27228;29201;31263;33619;35970;38378;40835;43389;45966;48376;50371;51615;51863;51119;49483;47168;44424;41556;38661;36044;33776;31849;30252;28921;27799;26820;25969
ZAF;South Africa;Upper;27299;28759;30504;32381;34349;36323;38490;40605;42575;44546;46566;48771;51175;53289;54755;55055;54225;52401;49829;46873;43758;40840;38115;35696;33654;31944;30677;29870;29594;29714
SSD;South Sudan;Lower;11942;11572;11145;10733;10383;10124;10082;10162;10285;10391;10417;10388;10340;10302;10277;10290;10378;10485;10594;10646;10653;10611;11232;11622;12242;11827;11993;12369;11352;11422
SSD;South Sudan;Median;15480;14999;14446;13907;13451;13115;13058;13158;13316;13452;13482;13442;13377;13325;13291;13306;13416;13552;13693;13758;13765;13708;14511;15019;15825;15283;15498;15986;14665;14755
SSD;South Sudan;Upper;20021;19397;18678;17980;17386;16948;16870;16997;17198;17369;17404;17348;17258;17187;17138;17153;17291;17464;17643;17722;17731;17655;18696;19351;20393;19688;19965;20598;18884;18999
ESP;Spain;Lower;6718;6350;5877;5357;4874;4552;4353;4203;4075;3924;3751;3574;3375;3186;2977;2769;2593;2402;2207;2006;1823;1653;1524;1438;1379;1347;1333;1329;1320;1288
ESP;Spain;Median;6852;6482;6000;5456;4979;4647;4438;4289;4157;4011;3831;3651;3454;3252;3043;2825;2645;2452;2251;2050;1861;1690;1560;1469;1411;1377;1365;1362;1368;1370
ESP;Spain;Upper;6997;6627;6124;5558;5082;4741;4527;4382;4242;4104;3914;3732;3532;3319;3111;2885;2699;2504;2296;2095;1901;1724;1594;1500;1443;1409;1396;1398;1417;1462
LKA;Sri Lanka;Lower;12169;13281;11254;7983;7770;7629;7503;7408;7274;7057;6744;6372;5979;5620;17669;5123;4971;4897;9689;10802;4988;4622;4036;3401;2820;2352;2012;1773;1610;1487
LKA;Sri Lanka;Median;12539;13683;11559;8162;7907;7753;7620;7530;7396;7169;6858;6481;6088;5728;17977;5229;5068;5004;9924;11076;5124;4747;4137;3478;2897;2459;2175;2003;1895;1816
LKA;Sri Lanka;Upper;12928;14107;11876;8350;8050;7883;7744;7651;7522;7285;6978;6591;6193;5839;18294;5332;5170;5114;10167;11350;5259;4871;4239;3558;2977;2575;2356;2276;2254;2253
PSE;State of Palestine;Lower;658;673;690;708;727;748;767;787;804;817;826;1009;1218;1043;1128;816;1143;1174;1224;1289;845;849;854;859;1678;863;858;850;842;836
PSE;State of Palestine;Median;782;798;816;838;862;891;921;953;987;1012;1033;1274;1551;1343;1462;1074;1499;1545;1614;1702;1125;1131;1137;1141;2211;1145;1144;1138;1132;1126
PSE;State of Palestine;Upper;940;956;977;1002;1034;1074;1121;1180;1248;1311;1370;1712;2106;1860;2056;1548;2156;2240;2361;2497;1682;1704;1712;1716;3290;1732;1748;1754;1769;1777
SDN;Sudan;Lower;31270;31043;31316;31985;30472;30544;30524;32533;32903;30109;31362;31232;29258;30642;30964;28227;27824;27478;27155;26955;26766;26725;26709;26745;26758;26803;26772;26763;26712;26651
SDN;Sudan;Median;36722;36425;36778;37606;35749;35865;35835;38326;38803;35350;36975;36846;34403;36271;36724;33330;32907;32554;32267;32088;31997;32066;32210;32390;32561;32694;32806;32879;32898;32948
SDN;Sudan;Upper;43925;43738;44350;45441;43165;43373;43285;46449;46945;42449;44493;44301;41154;43565;44219;39960;39572;39187;38911;38752;38811;39034;39373;39756;40174;40599;40935;41171;41405;41676
SUR;Suriname;Lower;160;163;163;161;157;151;147;143;140;139;139;140;141;143;145;147;149;151;151;150;147;142;135;127;117;108;101;94;89;84
SUR;Suriname;Median;169;171;171;169;164;160;155;151;147;146;145;146;148;149;152;155;156;159;158;157;155;149;143;135;129;123;116;113;111;108
SUR;Suriname;Upper;181;181;180;178;173;168;163;158;154;153;152;153;155;157;160;162;164;166;166;165;162;157;151;146;141;137;136;137;139;141
SWE;Sweden;Lower;722;680;640;606;578;557;545;540;540;542;546;553;558;559;557;553;551;548;545;539;529;520;509;499;490;480;474;467;458;447
SWE;Sweden;Median;747;702;661;626;597;577;564;557;557;558;561;569;574;574;572;568;567;564;561;555;546;537;527;518;509;501;493;486;477;472
SWE;Sweden;Upper;773;724;682;646;617;596;582;575;573;574;578;585;590;592;589;584;582;580;577;572;564;555;546;537;529;521;513;504;498;500
CHE;Switzerland;Lower;946;909;864;814;763;713;668;627;591;560;535;517;501;485;468;450;436;419;400;379;358;343;328;316;306;297;290;282;272;260
CHE;Switzerland;Median;977;935;888;837;783;732;686;644;608;577;552;532;516;499;482;463;448;432;412;393;371;358;344;332;321;311;304;298;293;288
CHE;Switzerland;Upper;1008;963;916;863;807;753;705;662;625;593;566;547;530;514;497;479;465;447;427;406;385;372;359;347;335;324;317;316;318;323
SYR;Syrian Arab Republic;Lower;6317;6441;6524;6577;6578;6521;6410;6210;5925;5559;5152;4753;4430;4210;4126;4180;4311;4456;4557;4592;4536;7606;31361;39130;39612;27443;22764;16835;9528;5486
SYR;Syrian Arab Republic;Median;7463;7424;7366;7273;7133;6948;6709;6408;6046;5641;5222;4820;4488;4265;4181;4236;4373;4518;4623;4666;4644;7937;33800;44012;46933;34248;30075;23689;14351;8856
SYR;Syrian Arab Republic;Upper;9364;8966;8602;8234;7861;7466;7060;6622;6171;5728;5292;4886;4550;4323;4239;4293;4436;4584;4690;4741;4753;8287;36542;49772;55969;43218;40562;34236;22318;14912
TJK;Tajikistan;Lower;2072;2282;5503;3786;3002;3062;4982;2744;2770;2174;1936;1746;1612;1519;1452;1392;1326;1253;1174;1101;1033;968;912;858;819;780;744;714;691;671
TJK;Tajikistan;Median;2110;2324;5617;3860;3054;3112;5073;2792;2816;2209;1966;1774;1639;1547;1482;1433;1390;1355;1326;1298;1270;1238;1209;1178;1149;1123;1100;1083;1066;1054
TJK;Tajikistan;Upper;2147;2367;5738;3935;3108;3164;5165;2837;2864;2245;1997;1804;1666;1575;1513;1475;1457;1467;1505;1550;1591;1624;1645;1659;1681;1696;1721;1740;1763;1776
THA;Thailand;Lower;25508;26764;28217;30087;31709;32365;31377;29560;27531;25832;24987;24966;24873;24435;25215;22340;20964;19707;18733;17893;17123;16524;16060;15806;15694;15741;15768;15665;15261;14557
THA;Thailand;Median;26172;27250;28726;30614;32292;32934;31925;30085;27995;26292;25399;25365;25293;24828;25636;22715;21308;20041;19038;18188;17398;16786;16335;16064;15963;16011;16048;15964;15700;15319
THA;Thailand;Upper;26861;27744;29243;31148;32875;33510;32485;30637;28464;26741;25809;25775;25720;25243;26077;23102;21652;20376;19342;18494;17678;17055;16612;16327;16237;16279;16338;16282;16149;16105
TLS;Timor-Leste;Lower;568;607;638;658;672;682;685;682;669;650;625;595;566;542;523;508;497;493;499;513;533;562;596;631;666;691;702;692;677;656
TLS;Timor-Leste;Median;768;797;826;849;864;866;858;836;808;775;740;703;670;643;621;603;589;584;590;604;629;665;709;762;829;902;965;1003;1018;1022
TLS;Timor-Leste;Upper;1131;1110;1113;1133;1161;1166;1132;1067;1001;938;887;840;802;771;745;724;707;700;703;719;746;793;853;930;1046;1215;1414;1570;1674;1761
TGO;Togo;Lower;5021;5059;5095;5136;5183;5240;5303;5367;5426;5470;5494;5513;5521;5527;5519;5502;5472;5433;5391;5330;5237;5118;4969;4818;4689;4566;4463;4366;4253;4147
TGO;Togo;Median;5608;5650;5688;5728;5777;5836;5909;5988;6065;6121;6156;6177;6192;6192;6181;6155;6120;6080;6030;5972;5906;5830;5760;5697;5648;5606;5586;5564;5549;5529
TGO;Togo;Upper;6377;6419;6458;6500;6558;6637;6734;6859;6960;7049;7094;7131;7135;7102;7079;7013;6958;6909;6850;6797;6759;6750;6765;6827;6880;6959;7099;7271;7430;7590
TON;Tonga;Lower;18;19;19;20;20;20;21;22;23;24;26;27;27;27;28;28;28;27;26;26;25;24;23;22;21;20;19;19;19;18
TON;Tonga;Median;23;24;23;22;24;23;23;25;26;26;28;29;29;30;30;30;30;30;28;28;28;26;24;23;23;23;21;22;22;23
TON;Tonga;Upper;31;29;28;27;26;26;26;27;28;29;31;32;32;33;33;33;33;32;31;30;30;28;27;26;26;25;25;26;27;28
TTO;Trinidad and Tobago;Lower;332;331;331;333;336;340;343;347;350;356;362;369;378;388;399;408;418;425;418;403;379;345;305;268;238;215;196;181;170;160
TTO;Trinidad and Tobago;Median;345;343;344;345;349;353;356;359;362;368;375;383;393;404;416;428;438;445;442;425;397;365;334;305;285;270;256;247;238;231
TTO;Trinidad and Tobago;Upper;361;357;356;358;361;365;368;371;375;381;388;397;407;420;433;446;457;465;468;449;417;388;367;351;341;338;338;340;341;342
TUN;Tunisia;Lower;2470;2505;2537;2554;2555;2532;2497;2460;2416;2364;2297;2214;2125;2029;1937;1851;1766;1696;1639;1596;1567;1542;1535;1542;1571;1615;1665;1699;1708;1678
TUN;Tunisia;Median;2755;2716;2683;2649;2613;2574;2538;2498;2455;2408;2354;2296;2237;2180;2121;2059;1992;1928;1871;1816;1768;1717;1678;1655;1652;1669;1705;1757;1803;1825
TUN;Tunisia;Upper;3110;2969;2847;2749;2674;2618;2578;2538;2496;2451;2411;2381;2362;2348;2330;2305;2259;2203;2142;2073;2000;1916;1836;1775;1738;1726;1748;1814;1906;1997
TUR;Turkey;Lower;18990;19156;19298;19320;20194;19348;19327;20229;18937;24304;18208;17754;17310;16809;16231;15605;14949;14239;13497;12751;12006;11310;10704;10233;9891;9601;10390;9039;8682;8210
TUR;Turkey;Median;41680;39262;37120;34998;35110;31219;29462;29913;26210;31894;23243;21865;20589;19379;18218;17090;16005;14956;13953;13030;12201;11476;10865;10388;10043;9767;10579;9197;8838;8413
TUR;Turkey;Upper;134325;113111;94569;79626;74120;58226;50050;47721;38225;43351;30249;27195;24596;22372;20408;18683;17115;15687;14430;13322;12400;11644;11017;10544;10197;9939;10777;9360;8997;8629
TKM;Turkmenistan;Lower;1543;1598;1660;1726;1792;1854;1907;1953;1984;1996;1991;1979;1970;1966;1961;1949;1911;1863;1798;1729;1676;1636;1599;1562;1523;1473;1404;1326;1247;1179
TKM;Turkmenistan;Median;1574;1626;1688;1755;1821;1884;1936;1983;2015;2029;2023;2015;2007;1999;1994;1983;1949;1895;1830;1767;1713;1672;1633;1597;1561;1526;1488;1453;1425;1399
TKM;Turkmenistan;Upper;1605;1656;1716;1783;1851;1912;1968;2015;2049;2063;2054;2049;2040;2031;2028;2019;1988;1929;1863;1804;1749;1708;1669;1634;1601;1582;1579;1598;1642;1684
TUV;Tuvalu;Lower;3;4;4;4;4;4;4;4;4;4;4;4;4;4;4;4;4;3;3;3;3;3;3;3;3;3;3;3;3;3
TUV;Tuvalu;Median;5;5;5;5;4;4;4;4;4;4;4;4;4;4;4;4;4;5;5;5;4;4;4;4;4;4;4;4;4;4
TUV;Tuvalu;Upper;5;5;5;5;5;5;5;5;5;5;5;5;6;6;6;6;6;6;6;5;5;5;5;5;5;5;5;5;5;5
UGA;Uganda;Lower;28182;29492;30771;31940;32906;33658;34191;34595;34841;34888;34708;34396;34051;33535;33024;32543;31993;31629;31383;31383;31560;31928;32478;33138;33743;34183;34488;34629;34555;34349
UGA;Uganda;Median;31056;32437;33766;35012;36045;36829;37356;37669;37847;37831;37674;37308;36889;36411;35939;35505;35075;34811;34722;34814;35137;35654;36418;37403;38561;39821;41034;42076;42953;43701
UGA;Uganda;Upper;34443;35928;37363;38634;39770;40620;41207;41494;41593;41452;41097;40634;40165;39615;39173;38845;38562;38406;38509;38741;39211;39949;40994;42389;44499;47196;50218;53208;55915;58970
UKR;Ukraine;Lower;11159;11402;11822;12336;12841;12973;12651;12027;11632;11732;11821;11615;11104;10508;10040;9645;9428;9124;8524;7677;6801;6187;5738;5285;6326;4716;4007;3717;3497;3331
UKR;Ukraine;Median;11372;11625;12046;12575;13065;13246;12888;12270;11895;11951;12079;11861;11332;10744;10250;9867;9620;9331;8735;7838;6978;6330;5874;5443;6537;4892;4125;3807;3579;3436
UKR;Ukraine;Upper;11597;11841;12269;12818;13310;13534;13137;12516;12170;12173;12346;12115;11568;10987;10464;10096;9819;9541;8953;7997;7154;6483;6016;5602;6756;5078;4244;3895;3664;3549
ARE;United Arab Emirates;Lower;245;264;277;284;284;282;304;321;334;342;347;381;403;413;422;434;519;590;636;645;621;638;635;613;578;542;577;606;621;615
ARE;United Arab Emirates;Median;315;339;356;366;366;364;390;412;429;440;445;491;518;533;544;558;666;758;817;829;797;821;819;788;744;696;741;780;798;792
ARE;United Arab Emirates;Upper;404;435;457;468;472;467;501;531;552;563;572;630;665;684;698;715;857;975;1051;1065;1024;1054;1051;1014;955;895;954;1002;1026;1018
GBR;United Kingdom;Lower;6015;5733;5447;5203;5004;4895;4835;4761;4674;4572;4504;4490;4460;4416;4344;4290;4251;4169;4039;3841;3597;3337;3155;3086;3050;3024;3014;3018;3018;2960
GBR;United Kingdom;Median;6141;5845;5557;5303;5107;4985;4924;4854;4759;4662;4589;4569;4542;4492;4431;4372;4327;4249;4118;3921;3665;3412;3233;3146;3111;3085;3075;3083;3112;3135
GBR;United Kingdom;Upper;6277;5970;5671;5402;5208;5075;5018;4953;4843;4748;4667;4651;4632;4572;4517;4454;4408;4336;4206;4013;3735;3481;3305;3205;3176;3149;3138;3149;3209;3328
TZA;United Republic of Tanzania;Lower;30928;32457;33859;35105;36051;36596;36844;36762;36531;36189;35610;35077;34422;33618;32673;31697;30638;29765;29192;28998;29087;29523;29999;30335;30310;30172;29927;29591;29112;28736
TZA;United Republic of Tanzania;Median;34366;35833;37300;38627;39601;40184;40420;40396;40159;39741;39206;38635;37902;37057;36167;35265;34391;33711;33267;33103;33197;33605;34338;35250;36177;36982;37609;38002;38260;38598
TZA;United Republic of Tanzania;Upper;38293;39987;41699;43317;44452;45124;45216;45034;44591;44026;43354;42663;41878;41047;40135;39285;38473;37787;37434;37424;37703;38397;39753;41952;45115;48891;52370;55403;57862;60049
USA;United States of America;Lower;44850;44159;43724;43238;42659;41884;40965;39976;39041;38526;38370;38500;38893;39337;39861;40165;39775;38931;37661;36332;35083;34218;33844;33909;34599;35673;36959;37846;37757;36400
USA;United States of America;Median;45775;45055;44524;44053;43425;42615;41686;40653;39765;39222;39050;39193;39560;40047;40560;40873;40523;39623;38373;37000;35722;34873;34483;34599;35284;36380;37753;38981;39819;40064
USA;United States of America;Upper;46697;45933;45333;44857;44229;43413;42466;41354;40478;39909;39708;39900;40240;40784;41292;41631;41307;40345;39109;37675;36346;35538;35101;35264;35981;37122;38570;40231;42117;44210
URY;Uruguay;Lower;554;560;570;584;600;613;621;621;611;593;568;539;510;486;473;467;472;484;502;521;537;546;548;543;533;523;517;516;513;504
URY;Uruguay;Median;573;578;588;601;617;631;639;639;631;611;587;556;526;503;488;483;486;499;517;539;556;566;566;560;552;542;537;534;534;532
URY;Uruguay;Upper;593;595;605;619;635;650;658;660;652;631;605;573;543;519;504;498;502;514;534;556;578;588;588;581;569;561;555;553;555;563
UZB;Uzbekistan;Lower;7697;7972;8254;8528;8760;8938;9066;9122;9112;9008;8796;8499;8113;7693;7283;6945;6723;6592;6565;6596;6642;6684;6720;6755;6773;6779;6735;6574;6279;5903
UZB;Uzbekistan;Median;7817;8078;8367;8642;8878;9061;9187;9251;9237;9132;8921;8619;8230;7804;7403;7085;6884;6770;6723;6727;6758;6786;6829;6866;6889;6904;6912;6878;6783;6655
UZB;Uzbekistan;Upper;7938;8189;8484;8761;8995;9185;9309;9379;9364;9262;9058;8743;8357;7919;7522;7226;7042;6945;6887;6863;6876;6897;6945;6980;7008;7034;7101;7214;7365;7579
VUT;Vanuatu;Lower;49;50;51;51;51;52;51;81;54;55;56;58;59;61;62;63;65;67;68;69;71;72;73;75;77;78;79;80;81;79
VUT;Vanuatu;Median;63;64;65;65;65;66;67;102;69;70;71;74;75;78;80;81;84;86;87;88;90;92;94;96;98;100;100;102;102;102
VUT;Vanuatu;Upper;83;83;83;83;83;84;85;131;87;90;91;94;96;99;102;104;108;109;111;113;115;117;121;123;127;129;130;130;130;130
VEN;Venezuela (Bolivarian Republic of);Lower;6778;7244;7651;7973;8153;8142;8023;7990;8278;16804;9801;10847;11751;12256;12426;12609;13016;13493;13889;14149;14292;14423;14602;14930;15270;15439;14916;14049;13069;12143
VEN;Venezuela (Bolivarian Republic of);Median;6948;7367;7778;8102;8283;8275;8150;8126;8426;17095;9993;11037;11958;12464;12637;12833;13239;13735;14140;14402;14558;14685;14883;15225;15614;15826;15435;14892;14374;14007
VEN;Venezuela (Bolivarian Republic of);Upper;7121;7494;7909;8235;8416;8410;8277;8263;8575;17382;10181;11225;12171;12679;12857;13061;13464;13989;14394;14667;14834;14952;15166;15530;15962;16230;15982;15799;15842;16217
VNM;Viet Nam;Lower;30437;29174;27925;26710;25648;24685;23842;23142;22616;22014;21352;20832;20264;19791;19301;18824;18367;17869;17301;16599;15732;14747;13637;12521;11515;10671;9911;9316;8767;8363
VNM;Viet Nam;Median;37507;35760;34181;32725;31350;30162;28969;27955;27073;26327;25638;25045;24361;23671;22992;22384;21784;21200;20574;19924;19183;18384;17577;16779;16025;15295;14631;13938;13290;12712
VNM;Viet Nam;Upper;46398;44075;41924;40033;38212;36622;35128;33898;32731;31701;30755;30003;29197;28432;27607;26712;25959;25266;24815;24378;23999;23806;23683;23800;23780;23735;23324;22557;21839;21221
YEM;Yemen;Lower;9065;11716;9882;9464;10288;10797;9847;9972;10705;10962;10065;10027;9934;9812;9674;9545;9404;9294;9181;9083;9002;8941;10663;8864;10451;15612;14663;15095;20237;19942
YEM;Yemen;Median;10162;13210;11097;10567;11557;12177;11010;11159;12068;12423;11358;11364;11312;11208;11098;10992;10889;10803;10734;10672;10623;10611;12736;10627;12605;18907;17835;18460;24819;24608
YEM;Yemen;Upper;11437;14998;12546;11892;13103;13866;12458;12658;13791;14259;12985;13033;13024;12961;12897;12847;12764;12718;12688;12652;12653;12684;15290;12787;15241;22992;21846;22816;31001;30995
ZMB;Zambia;Lower;12964;13475;13930;14338;14679;14941;15174;15342;15474;15524;15510;15403;15262;15061;14810;14560;14266;14022;13825;13648;13467;13283;13053;12804;12489;12185;11820;11442;11118;10882
ZMB;Zambia;Median;14279;14762;15229;15672;16040;16343;16598;16786;16902;16962;16933;16799;16618;16387;16149;15903;15620;15392;15196;15037;14902;14760;14615;14473;14321;14163;14014;13892;13786;13727
ZMB;Zambia;Upper;15875;16349;16858;17322;17770;18123;18380;18596;18734;18750;18711;18526;18292;18019;17721;17444;17144;16919;16753;16638;16556;16493;16450;16436;16481;16543;16671;16863;17132;17509
ZWE;Zimbabwe;Lower;7707;8246;8850;9489;10120;10746;11328;11869;12379;12830;13182;13314;13389;13407;13393;13343;13179;12981;12755;12520;12260;11896;11509;11123;10768;10409;9985;9630;9364;9118
ZWE;Zimbabwe;Median;8709;9239;9847;10507;11197;11877;12544;13164;13732;14213;14589;14711;14761;14766;14733;14695;14550;14373;14162;13899;13606;13189;12818;12521;12299;12152;11968;11869;11823;11797
ZWE;Zimbabwe;Upper;9800;10315;10934;11614;12367;13116;13868;14588;15239;15799;16219;16348;16383;16361;16345;16332;16169;15994;15755;15489;15165;14731;14344;14149;14072;14175;14348;14672;15051;15558
