,ISOCode,Country.Name,Uncertainty.Bounds*,1990,1991,1992,1993,1994,1995,1996,1997,1998,1999,2000,2001,2002,2003,2004,2005,2006,2007,2008,2009,2010,2011,2012,2013,2014,2015,2016,2017,2018,2019
1,AFG,Afghanistan,Median,"18,2802","16,8621","15,6011","14,4768","13,4737","12,6329","11,8688","11,2506","10,7625","10,3673","10,0655","9,8275","9,5939","9,4197","9,4241","9,5569","9,7827","10,0433","10,2336","10,1912","9,8258","9,219","8,4528","7,5903","6,7017","5,9133","5,297","4,8694","4,5553","4,2996"
4,ALB,Albania,Median,"6,3297","5,947","5,5876","5,2593","4,9643","4,7066","4,4889","5,0683","4,1522","4,0175","3,8986","3,7872","3,6779","3,5719","3,4636","3,3545","3,2428","3,1339","3,0264","2,9196","2,8168","2,7147","2,6169","2,5211","2,4274","2,3373","2,2504","2,1666","2,0836","2,0051"
7,DZA,Algeria,Median,"9,0951","8,8085","8,5326","8,271","8,7567","8,8031","7,4879","8,2005","7,969","6,6711","6,3806","6,0855","5,799","6,375","5,2962","5,0893","4,9086","4,7462","4,5879","4,4312","4,2757","4,125","3,9806","3,8446","3,7218","3,6164","3,5337","3,4667","3,4079","3,347"
10,AND,Andorra,Median,"2,7212","2,5937","2,4854","2,3807","2,2794","2,1813","2,092","2,0002","1,9164","1,8382","1,7622","1,6901","1,6268","1,558","1,4999","1,4409","1,3819","1,3283","1,2695","1,2148","1,1635","1,1104","1,0624","1,0167","0,9739","0,9353","0,9008","0,8678","0,8383","0,8118"
13,AGO,Angola,Median,"46,8889","46,868","46,8737","57,1623","46,8387","46,6924","46,3818","45,8334","45,1317","44,2508","43,1723","41,9345","40,5353","38,9696","37,2053","35,3519","33,4213","31,4985","29,5537","27,7334","26,01","24,3541","22,8325","21,4971","20,319","19,3124","18,4729","17,7162","17,0933","16,462"
16,ATG,Antigua and Barbuda,Median,"2,7414","2,7789","2,823","2,8697","2,913","2,9515","2,9788","2,9906","2,9846","2,9631","2,929","2,8785","2,8181","2,751","2,6774","2,6001","2,521","2,4401","2,3594","2,2796","2,2007","2,1228","2,0487","1,977","1,9129","1,8557","1,8029","1,7539","1,71","1,6694"
19,ARG,Argentina,Median,"3,422","3,3671","3,3003","3,2176","3,1318","3,0533","2,9876","2,936","2,8956","2,854","2,8007","2,7447","2,7028","2,6867","2,6961","2,7247","2,756","2,7619","2,7273","2,6544","2,556","2,4487","2,3509","2,2705","2,2084","2,1591","2,1078","2,0367","1,9389","1,8403"
22,ARM,Armenia,Median,"3,3129","3,0439","2,808","2,9929","2,4368","2,292","2,1709","2,0696","1,9879","1,9241","1,8778","1,8461","1,8299","1,8261","1,8326","1,8481","1,8696","1,8967","1,9265","1,9559","1,9825","2,004","2,0188","2,0273","2,0275","2,021","2,0083","1,9913","1,9704","1,9449"
25,AUS,Australia,Median,"1,8935","1,8322","1,7764","1,7238","1,6722","1,6189","1,5638","1,5073","1,4496","1,3921","1,3364","1,2832","1,2323","1,1854","1,1434","1,1066","1,0751","1,0485","1,026","1,0067","0,9878","0,9693","0,9498","0,9296","0,9078","0,8852","0,8609","0,8358","0,8115","0,7879"
28,AUT,Austria,Median,"1,8062","1,7487","1,6929","1,6382","1,5846","1,5323","1,4807","1,431","1,3831","1,3379","1,295","1,2541","1,2157","1,179","1,1441","1,1108","1,0793","1,0491","1,0207","0,9935","0,9683","0,9442","0,9206","0,8976","0,875","0,8522","0,8297","0,8073","0,786","0,7651"
31,AZE,Azerbaijan,Median,"6,2039","6,4514","6,6722","6,825","6,8647","6,7828","6,6008","6,3481","6,0723","5,8089","5,5722","5,3658","5,1839","5,0119","4,834","4,648","4,4539","4,2545","4,0644","3,8874","3,7321","3,5978","3,4867","3,3941","3,3194","3,2578","3,2048","3,1569","3,1059","3,0487"
34,BHS,Bahamas,Median,"4,5805","4,5634","4,5483","4,5318","4,5141","4,4929","4,4698","4,4376","4,3942","4,3388","4,2709","4,1915","4,0995","3,9998","3,8938","3,7854","3,6799","3,5738","3,4676","3,3703","3,2743","3,1812","3,0876","2,9989","2,9156","2,8289","2,7451","2,6647","2,5914","2,5172"
37,BHR,Bahrain,Median,"3,7147","3,6644","3,6233","3,5873","3,5563","3,5261","3,4929","3,4534","3,395","3,3175","3,2213","3,1101","2,9884","2,8695","2,7585","2,6544","2,5581","2,4693","2,3877","2,3098","2,239","2,1766","2,1214","2,0731","2,0268","1,9787","1,9298","1,8782","1,8241","1,7752"
40,BGD,Bangladesh,Median,"24,3935","30,3127","22,2618","21,5272","21,008","20,5025","19,5268","17,6474","15,2235","12,9108","11,0535","9,9031","9,5731","9,8847","10,4847","11,0664","11,4016","11,3081","10,781","9,9876","9,0926","8,2027","7,4276","6,8146","6,3755","6,1399","6,0953","6,2774","6,5757","6,8756"
43,BRB,Barbados,Median,"2,8576","2,8214","2,7819","2,7444","2,7047","2,6693","2,6353","2,6075","2,5799","2,5487","2,5181","2,4886","2,4573","2,4254","2,3914","2,3568","2,3189","2,278","2,2415","2,2018","2,1625","2,1207","2,0774","2,0308","1,9865","1,9404","1,8909","1,8417","1,7892","1,7391"
46,BLR,Belarus,Median,"4,043","3,9233","3,8048","3,6875","3,5721","3,4594","3,3486","3,2421","3,1385","3,0377","2,939","2,8408","2,7446","2,6493","2,5576","2,4678","2,3801","2,2934","2,2075","2,1203","2,0296","1,9372","1,8444","1,7511","1,6584","1,5668","1,4771","1,3916","1,3126","1,2427"
49,BEL,Belgium,Median,"2,0412","1,9734","1,9075","1,8434","1,7815","1,7219","1,6642","1,6079","1,5531","1,4993","1,4474","1,3961","1,3473","1,2999","1,2548","1,2121","1,172","1,1342","1,0982","1,0646","1,0331","1,0035","0,975","0,9476","0,9216","0,8967","0,8728","0,849","0,8256","0,8024"
52,BLZ,Belize,Median,"5,1028","5,0717","5,0445","5,0136","4,9799","4,9447","4,907","4,8606","4,8021","4,7353","4,6573","4,569","4,4707","4,3697","4,2688","4,1604","4,0495","3,9361","3,8245","3,7109","3,5997","3,4892","3,3797","3,2709","3,1648","3,0646","2,9721","2,8793","2,7893","2,7018"
55,BEN,Benin,Median,"41,7801","40,547","39,3448","38,181","37,0886","36,0397","35,0603","34,1241","33,2318","32,3897","31,5906","30,8288","30,1088","29,4104","28,718","28,0182","27,3341","26,6826","26,0276","25,386","24,7774","24,1699","23,5638","22,9616","22,3979","21,8278","21,2638","20,7082","20,1741","19,5967"
58,BTN,Bhutan,Median,"19,4869","18,8213","18,1485","17,4647","16,7981","16,2017","15,6445","15,0969","14,5806","14,1094","13,6559","13,2295","12,8289","12,4251","12,0225","11,635","11,2339","10,8463","10,4615","10,0783","9,7138","9,3394","8,9794","8,6399","8,343","8,0644","7,8112","7,5591","7,3357","7,1091"
61,BOL,Bolivia (Plurinational State of),Median,"11,9446","11,4469","10,9776","10,5238","10,1043","9,7164","9,3404","8,9946","8,6711","8,3595","8,0714","7,7914","7,5201","7,2637","7,0051","6,7461","6,5017","6,2511","6,0026","5,7634","5,533","5,3275","5,1364","4,9632","4,793","4,6442","4,4972","4,3617","4,2458","4,116"
64,BIH,Bosnia and Herzegovina,Median,"2,6381","2,518","13,0386","15,0795","9,4035","11,0977","1,9905","1,9025","1,8211","1,7451","1,6776","1,6177","1,5658","1,5211","1,4821","1,4482","1,4163","1,3865","1,3589","1,3331","1,3102","1,2905","1,2745","1,2621","1,2534","1,2452","1,2379","1,2285","1,213","1,1959"
67,BWA,Botswana,Median,"19,4013","18,6845","17,9807","17,2394","16,5549","15,8839","15,2152","14,5578","13,9243","13,3288","12,7412","12,1772","11,6259","11,1012","10,5953","10,1128","9,6557","9,2261","8,8129","8,4272","8,0628","7,7171","7,4094","7,1189","6,8592","6,6264","6,4123","6,2011","6,0076","5,8162"
70,BRA,Brazil,Median,"4,1292","4,0089","3,914","3,8373","3,77","3,7057","3,6367","3,5627","3,4877","3,4189","3,3562","3,2996","3,2485","3,202","3,1578","3,1177","3,0805","3,0468","3,0134","2,9767","2,9343","2,8845","2,8263","2,7614","2,6925","2,6219","2,5526","2,4858","2,4219","2,3567"
73,BRN,Brunei Darussalam,Median,"4,845","4,6642","4,487","4,3223","4,1651","4,0162","3,8763","3,7507","3,6364","3,536","3,4444","3,3614","3,2848","3,2125","3,146","3,0843","3,0252","2,9684","2,9158","2,8641","2,816","2,7686","2,7245","2,6834","2,6421","2,5993","2,5588","2,5149","2,473","2,4288"
76,BGR,Bulgaria,Median,"3,9879","3,9402","3,8958","3,8652","3,8499","3,8443","3,8305","3,7684","3,6114","3,3742","3,1321","2,9446","2,8329","2,7959","2,8154","2,8464","2,8597","2,8358","2,7565","2,6267","2,4724","2,3166","2,1666","2,0345","1,9248","1,8409","1,7806","1,7411","1,7155","1,6987"
79,BFA,Burkina Faso,Median,"36,886","36,7734","36,7359","36,729","36,779","36,7588","36,5892","36,3053","35,8603","35,2354","34,4807","33,5146","32,4233","31,2321","30,0132","28,7785","27,571","26,4145","25,2663","24,2178","23,2968","22,46","21,7027","21,0211","20,3136","19,7266","19,0872","18,5075","17,9654","17,3916"
82,BDI,Burundi,Median,"58,1801","60,9032","63,182","101,9371","72,4952","70,6451","66,1212","65,709","64,9391","63,4472","61,2661","57,9594","53,6587","48,7283","43,5969","38,7525","34,3528","30,7371","27,9221","25,8765","24,5368","23,6455","23,1127","22,8023","22,6612","22,5439","22,4227","22,1722","21,7601","21,3227"
85,CPV,Cabo Verde,Median,"5,7612","5,6764","5,5863","5,4918","5,3908","5,2786","5,1556","5,025","4,8902","4,7465","4,5977","4,4513","4,3014","4,1534","4,0027","3,8523","3,6986","3,5413","3,3801","3,2181","3,0589","2,9036","2,7533","2,6083","2,4705","2,3397","2,2173","2,1066","2,0086","1,9276"
88,KHM,Cambodia,Median,"32,1363","30,468","28,9192","27,4195","25,9644","24,5494","23,1298","21,7318","20,3722","19,0313","17,7317","16,4611","15,2779","14,1356","13,0694","12,068","11,1337","10,2798","9,4874","8,7467","8,0764","7,4509","6,8965","6,4247","6,0361","5,7084","5,4366","5,1952","4,9962","4,8091"
91,CMR,Cameroon,Median,"32,3102","32,1333","31,9443","31,7618","31,5695","31,3731","31,1803","30,9799","30,7516","30,507","30,2529","29,9632","29,6656","29,325","28,9923","28,6295","28,2487","27,8796","27,5147","27,1137","26,6959","26,2521","25,8096","25,3595","24,894","24,4448","24,0288","23,6097","23,157","22,6384"
94,CAN,Canada,Median,"2,1058","2,0221","1,9396","1,8648","1,8002","1,7438","1,6901","1,6301","1,5621","1,4913","1,4216","1,3582","1,3037","1,2599","1,2293","1,2101","1,1931","1,1677","1,1307","1,0921","1,0624","1,0509","1,0555","1,0739","1,0875","1,0711","1,0289","0,981","0,9359","0,9"
97,CAF,Central African Republic,Median,"29,5072","28,6046","27,8458","27,1305","26,4629","25,8509","25,2716","24,6974","24,1766","23,6574","23,1838","22,7498","22,3215","21,8887","21,4316","20,8968","20,3737","19,8635","19,3247","18,8212","18,2858","17,7496","17,2759","16,778","16,287","15,8204","15,3397","14,9391","14,5399","14,1581"
100,TCD,Chad,Median,"49,2036","47,942","46,7168","45,5246","44,4137","43,376","42,3682","41,3969","40,5057","39,6201","38,8179","37,9751","37,1836","36,4205","35,6923","34,9601","34,2651","33,5553","32,8952","32,2131","31,555","30,923","30,3283","29,7252","29,115","28,4823","27,7863","27,0612","26,3682","25,6875"
103,CHL,Chile,Median,"3,1385","3,0131","2,8972","2,7896","2,6895","2,5956","2,5058","2,4174","2,3318","2,2501","2,1729","2,1008","2,0335","1,9702","1,9111","1,8563","1,8052","1,7585","1,716","1,6777","2,0779","1,6133","1,5875","1,5642","1,5429","1,5216","1,4977","1,4701","1,4412","1,4088"
106,CHN,China,Median,"7,0806","6,7165","6,3746","6,0484","5,7421","5,4462","5,1662","4,9001","4,6438","4,4048","4,1776","3,9631","3,7602","3,5695","3,3913","3,2262","3,0743","2,9366","3,7856","2,6898","2,5738","2,4657","2,3682","2,2817","2,2066","2,137","2,07","2,0084","1,9495","1,8948"
109,COL,Colombia,Median,"4,7086","4,5224","4,346","4,178","4,0251","3,8923","3,7867","3,7047","3,6392","3,5839","3,5282","3,4627","3,3884","3,3108","3,2336","3,1578","3,085","3,0147","2,9457","2,8774","2,8104","2,7447","2,6834","2,6304","2,5878","2,5544","2,5289","2,5091","2,4934","2,479"
112,COM,Comoros,Median,"16,5284","16,1301","15,7399","15,3639","14,982","14,6399","14,3129","13,9811","13,6943","13,4069","13,1157","12,8545","12,5991","12,3703","12,1629","11,9697","11,7637","11,5458","11,3049","11,0471","10,7845","10,4922","10,2247","9,947","9,6921","9,4405","9,1747","8,9421","8,6851","8,4244"
115,COG,Congo,Median,"30,009","28,5961","27,2746","26,0834","24,9501","23,8647","22,8605","58,4015","33,0727","20,0373","19,1833","18,3199","17,4739","16,6237","15,7794","15,005","14,2421","13,5256","12,8448","12,1817","11,551","10,9557","10,4008","9,9128","9,5033","9,1215","8,795","8,5011","8,2216","7,9403"
118,COK,Cook Islands,Median,"5,109","5,0887","5,0621","5,025","4,9614","4,8601","4,7264","4,5662","4,3885","4,2132","4,0537","3,9004","3,7549","3,6087","3,4624","3,3177","3,1739","3,0367","2,9072","2,7847","2,6752","2,58","2,4941","2,4181","2,3449","2,2777","2,2111","2,1509","2,0963","2,0427"
121,CRI,Costa Rica,Median,"2,9117","2,86","2,8101","2,7613","2,713","2,6648","2,6168","2,5691","2,5217","2,4742","2,4277","2,3826","2,3384","2,2953","2,2532","2,212","2,1714","2,1312","2,0919","2,0529","2,0144","1,9761","1,9388","1,9026","1,8671","1,8326","1,7991","1,7664","1,7339","1,7017"
124,CIV,Cote d'Ivoire,Median,"28,3177","27,9891","27,6632","27,3247","26,9905","26,6639","26,3567","26,0233","25,7558","25,5047","25,2932","25,0952","24,9956","24,9307","24,8921","24,9149","24,9978","25,1088","25,2592","25,4701","25,6532","25,8067","25,9137","25,9925","26,0269","25,9909","25,8041","25,5577","25,1483","24,6963"
127,HRV,Croatia,Median,"2,6747","4,4542","3,9976","3,0376","2,1752","3,1434","1,9765","1,8875","1,8045","1,7278","1,6581","1,5934","1,5343","1,4808","1,4324","1,3881","1,3484","1,313","1,2813","1,2516","1,2248","1,1996","1,1777","1,1589","1,1408","1,1241","1,1077","1,092","1,0764","1,0589"
130,CUB,Cuba,Median,"3,8985","3,8031","3,7108","3,6153","3,5138","3,4057","3,2905","3,1694","3,0447","2,9161","2,7851","2,6483","2,5141","2,392","2,2854","2,1958","2,1246","2,0693","2,0287","2,0006","1,9818","1,9698","1,9652","1,9643","1,968","1,973","1,9793","1,9848","1,9902","1,9948"
133,CYP,Cyprus,Median,"1,7773","1,7843","1,794","1,8067","1,8237","1,8449","1,8672","1,893","1,918","1,9407","1,9574","1,9641","1,9577","1,9369","1,9002","1,8482","1,7836","1,71","1,6292","1,5459","1,4641","1,3839","1,3064","1,232","1,1608","1,0931","1,0311","0,9753","0,9274","0,8863"
136,CZE,Czechia,Median,"2,4032","2,3536","2,3067","2,2568","2,201","2,1357","2,0616","1,9811","1,8961","1,812","1,7314","1,6542","1,5804","1,5117","1,4477","1,3866","1,3296","1,2741","1,2211","1,1703","1,1221","1,0769","1,0343","0,9958","0,9625","0,9339","0,9092","0,8895","0,8727","0,8562"
139,PRK,Democratic People's Republic of Korea,Median,"8,1676","8,9393","9,838","10,7583","11,6454","12,3401","12,7308","12,7308","12,3537","11,6042","10,5759","9,4493","8,3622","7,4846","6,8796","6,5641","6,4687","6,4368","6,3729","6,2447","6,0024","5,7083","5,377","5,0913","4,8186","4,5942","4,4021","4,2256","4,083","3,9211"
142,COD,Democratic Republic of the Congo,Median,"37,2172","36,5695","35,9661","35,3269","34,7242","34,1193","33,5243","32,9511","32,3824","31,8136","31,3068","30,7642","30,2663","29,7459","29,2479","28,7958","28,3097","27,8343","27,373","26,9105","26,4468","25,9693","25,5319","25,0873","24,6494","24,1829","23,7036","23,2064","22,6481","22,1218"
145,DNK,Denmark,Median,"1,9622","1,8899","1,8212","1,7549","1,6892","1,6258","1,5634","1,5032","1,4442","1,3869","1,3303","1,2746","1,2194","1,166","1,1136","1,0628","1,0141","0,9676","0,9236","0,8823","0,8429","0,8057","0,7709","0,7388","0,7088","0,681","0,6551","0,6305","0,6072","0,5839"
148,DJI,Djibouti,Median,"25,5268","25,0804","24,6821","24,355","24,0922","23,8252","23,5367","23,2129","22,88","22,4761","22,0221","21,5436","21,0299","20,4922","19,9622","19,4251","18,8902","18,3603","17,8436","17,3336","16,8357","16,3442","15,852","15,3943","14,9471","14,4755","14,035","13,6177","13,199","12,8059"
151,DMA,Dominica,Median,"3,7468","3,7049","3,6647","3,6261","3,5893","3,5605","3,5318","3,502","3,4782","3,4517","3,432","3,4167","3,4033","3,3921","3,3835","3,3811","3,3775","3,3745","3,3746","3,3744","3,373","3,378","3,3832","3,3896","3,398","3,3893","3,3693","3,3285","3,2768","3,2159"
154,DOM,Dominican Republic,Median,"7,0869","6,8017","6,5374","6,2916","6,058","5,8451","5,6426","5,4474","5,2728","5,1071","4,9544","4,8035","4,6607","4,5222","4,8471","4,2582","4,1369","4,0256","3,9097","3,7921","3,6775","3,5652","3,4662","3,3666","3,2679","3,1789","3,0889","3,0034","2,9146","2,8298"
157,ECU,Ecuador,Median,"7,254","6,9311","6,6122","6,301","6,0103","5,7602","5,5599","5,4021","5,2763","5,1729","5,0818","4,9954","4,9112","4,8292","4,7484","4,6704","4,5936","4,5119","4,4221","4,3233","4,2168","4,1157","4,0031","3,8919","3,7881","3,6894","3,5871","3,4907","3,3966","3,2937"
160,EGY,Egypt,Median,"10,8134","9,9241","9,1451","8,498","7,981","7,5531","7,1771","6,8282","6,4869","6,1476","5,8256","5,5314","5,2841","5,0976","4,9844","4,9467","4,9867","5,0774","5,1738","5,2403","5,2619","5,2314","5,151","5,0332","4,891","4,7429","4,6055","4,4841","4,3834","4,2993"
163,SLV,El Salvador,Median,"7,7839","6,0369","5,5936","5,2295","4,9308","4,6782","4,4599","4,265","4,0863","3,9231","3,7795","5,2658","3,5513","3,466","3,3977","3,3431","3,2987","3,2599","3,2243","3,1906","3,1591","3,1329","3,1183","3,1205","3,1379","3,1668","3,2001","3,2227","3,2229","3,2014"
166,GNQ,Equatorial Guinea,Median,"34,7426","34,506","34,2617","34,0121","33,7843","33,5035","33,157","32,7088","32,1131","31,4223","30,6298","29,821","28,9626","28,1289","27,247","26,3788","25,4994","24,5706","23,6844","22,8123","22,0094","21,2799","20,5733","19,8818","19,2468","18,5838","17,966","17,3566","16,7707","16,2227"
169,ERI,Eritrea,Median,"41,3873","38,4669","35,7269","33,1132","30,6965","28,4259","26,343","24,432","22,6872","21,0497","19,5837","18,2367","16,9912","15,848","14,8423","13,9282","13,0965","12,3729","11,6756","11,0405","10,4785","10,002","9,5769","9,2153","8,8654","8,5697","8,2686","8,0005","7,7458","7,4899"
172,EST,Estonia,Median,"5,0749","4,8732","4,6733","4,4798","4,2851","4,0887","3,8895","3,6935","3,497","3,3047","3,1188","2,9412","2,7709","2,6107","2,4595","2,3207","2,1917","2,0718","1,9604","1,8582","1,7627","1,673","1,5889","1,5086","1,4337","1,3639","1,2969","1,2317","1,1707","1,1153"
175,SWZ,Eswatini,Median,"10,5737","10,7547","10,9451","11,1359","11,3356","11,541","11,7566","12,027","12,2904","12,5875","12,8469","13,115","13,3707","13,6154","13,826","14,0347","14,223","14,3627","14,4959","14,6343","14,7533","14,8552","14,9239","14,905","14,7741","14,5821","14,3406","14,0711","13,7548","13,4154"
178,ETH,Ethiopia,Median,"79,3146","69,7561","66,3425","62,95","59,6722","56,5521","53,4526","50,4324","47,6129","44,8597","42,2576","39,7455","37,313","34,9332","32,6217","30,3048","28,0333","25,8705","23,8208","21,8947","20,0838","18,4604","16,9415","15,5651","14,3181","13,2655","12,4191","11,7403","11,1645","10,6524"
181,FJI,Fiji,Median,"11,3106","11,0612","10,7995","10,5224","10,2123","9,8808","9,543","9,1801","8,8131","8,4257","8,0351","7,6485","7,2729","6,9194","6,5909","6,2956","6,0347","5,8057","5,6078","5,4411","5,2996","5,1871","5,0982","5,0299","4,9757","4,9371","4,9058","4,8732","4,8323","4,771"
184,FIN,Finland,Median,"1,9154","1,8611","1,8099","1,7601","1,7103","1,6612","1,6132","1,5648","1,5173","1,47","1,4234","1,3782","1,3336","1,2897","1,2464","1,2042","1,1622","1,1213","1,0812","1,0422","1,0043","0,9679","0,9328","0,8992","0,8667","0,8355","0,8059","0,7768","0,749","0,7227"
187,FRA,France,Median,"1,9909","1,9168","1,8484","1,7845","1,7209","1,6575","1,5956","1,5388","1,4876","1,4389","1,3891","1,3349","1,2744","1,2089","1,1448","1,087","1,037","0,9958","0,9636","0,9375","0,9141","0,8923","0,8704","0,8483","0,8262","0,8058","0,7874","0,7709","0,7559","0,7411"
190,GAB,Gabon,Median,"18,2316","18,1567","18,0609","17,9547","17,9006","17,8073","17,737","17,6471","17,5709","17,5173","17,4283","17,3251","17,2428","17,122","17,0423","16,9377","16,8128","16,6497","16,3968","16,1001","15,7721","15,381","14,9874","14,6064","14,2344","13,8185","13,4206","13,0805","12,6916","12,3384"
193,GMB,Gambia,Median,"32,7344","31,627","30,5355","29,4373","28,3375","27,2445","26,1539","25,1139","24,086","23,1114","22,1601","21,249","20,3535","19,487","18,6451","17,8467","17,0908","16,3704","15,6939","15,0717","14,4746","13,9117","13,3805","12,8808","12,4004","11,9569","11,525","11,1093","10,7058","10,3278"
196,GEO,Georgia,Median,"3,8346","4,2449","4,0186","4,7046","2,928","2,7645","2,6267","2,5128","2,4235","2,356","2,3098","2,2838","2,2745","2,2797","2,2957","2,3205","2,3546","2,3934","2,856","2,4792","2,5162","2,545","2,5644","2,5714","2,5675","2,5515","2,5244","2,4941","2,4573","2,4167"
199,DEU,Germany,Median,"1,9458","1,8598","1,7719","1,6835","1,5976","1,5177","1,4453","1,3825","1,3291","1,2827","1,2409","1,2015","1,163","1,1247","1,0867","1,05","1,0146","0,9824","0,9538","0,9284","0,9049","0,8837","0,8644","0,8476","0,8339","0,8234","0,8157","0,8102","0,8048","0,7979"
202,GHA,Ghana,Median,"25,1908","24,5379","23,8894","23,2648","22,6507","22,057","21,4573","20,8585","20,2612","19,6792","19,0989","18,5322","17,9684","17,4059","16,8544","16,3052","15,7821","15,2867","14,8081","14,3415","13,913","13,4907","13,0875","12,7007","12,3331","11,9916","11,6461","11,3215","10,9965","10,6905"
205,GRC,Greece,Median,"1,9","1,8458","1,7945","1,7464","1,7005","1,6566","1,614","1,5724","1,5317","1,7337","1,4537","1,4162","1,38","1,345","1,3105","1,2764","1,2426","1,2092","1,1767","1,1445","1,1127","1,0817","1,052","1,0234","0,996","0,9704","0,9461","0,923","0,8995","0,8764"
208,GRD,Grenada,Median,"4,5745","4,4621","4,3569","4,26","4,171","4,0878","4,0158","3,9472","3,8912","3,8439","3,804","3,7747","3,7512","3,7339","3,723","3,7175","3,7162","3,716","3,7204","3,7276","3,7375","3,751","3,7635","3,7819","3,7924","3,8043","3,8145","3,8264","3,8254","3,8075"
211,GTM,Guatemala,Median,"12,5985","11,6471","10,6823","9,7869","9,0176","8,3854","7,8854","7,4969","7,1662","6,8522","6,5473","6,2573","5,9894","5,7528","5,5515","6,0462","5,2043","5,0325","4,8597","4,6871","4,5247","4,385","4,2709","4,1767","4,0945","4,0178","3,9368","3,8486","3,7579","3,6653"
214,GIN,Guinea,Median,"43,6673","42,2727","40,9204","39,6122","38,3205","37,0787","35,902","34,7678","33,6852","32,6542","31,6542","30,6765","29,7454","28,8485","27,9932","27,171","26,3732","25,6368","24,9444","24,2866","23,6782","23,0864","22,5054","21,9424","21,4159","20,8734","20,3287","19,8042","19,288","18,7772"
217,GNB,Guinea-Bissau,Median,"42,0095","40,813","39,4238","38,0948","36,8658","35,6143","34,4196","33,3201","37,1704","31,2887","30,3705","29,4512","28,7126","27,9728","27,3058","26,6079","25,8798","25,0982","24,2582","23,2915","22,2777","21,2758","20,2437","19,3435","18,5306","17,8162","17,2328","16,6497","16,045","15,5331"
220,GUY,Guyana,Median,"5,3536","5,1383","4,9549","4,8071","4,69","4,6028","4,5436","4,504","4,4764","4,4593","4,4498","4,4491","4,4542","4,4707","4,496","4,5326","4,5771","4,6301","4,6881","4,7486","4,8105","4,8719","4,9317","4,9908","5,0388","5,0672","5,0598","5,0208","4,9543","4,8621"
223,HTI,Haiti,Median,"27,8517","27,0609","26,3013","25,5338","24,7758","24,0225","23,2434","22,4888","21,7413","21,0132","20,2831","19,58","18,9039","18,2569","21,0724","17,0353","16,4566","15,905","15,3743","14,8692","159,2376","13,9198","13,4792","13,0653","12,632","12,2459","11,8848","11,5318","11,1728","10,8533"
226,HND,Honduras,Median,"8,5753","8,2329","7,8649","7,5105","7,1864","6,8846","6,6195","6,3889","18,4302","6,0082","5,8558","5,7323","5,6135","5,503","5,4047","5,3158","5,2246","5,1479","5,0925","5,0485","5,0222","5,0148","5,0066","4,9854","4,9336","4,8585","4,7567","4,6498","4,5376","4,4313"
229,HUN,Hungary,Median,"2,652","2,5556","2,4633","2,376","2,2941","2,2159","2,1418","2,0713","2,0033","1,938","1,8747","1,8131","1,7529","1,6941","1,6366","1,5803","1,5255","1,4721","1,4198","1,3693","1,3204","1,2732","1,228","1,1849","1,1438","1,1037","1,0655","1,0282","0,9926","0,9585"
232,ISL,Iceland,Median,"2,7882","2,6221","2,4637","2,3127","2,173","2,0413","1,9189","1,8056","1,6988","1,598","1,5043","1,4159","1,3337","1,2576","1,1843","1,1169","1,0516","0,9895","0,9301","0,8735","0,8224","0,7727","0,7254","0,6815","0,6383","0,5988","0,562","0,5285","0,4998","0,475"
235,IND,India,Median,"20,6693","20,0703","19,4626","18,8582","18,2649","17,675","17,081","16,4894","15,9016","15,3135","14,7245","14,1292","13,5422","12,9537","12,3715","11,7968","11,2292","10,6643","10,1085","9,5598","9,0264","8,5071","8,0061","7,5299","7,084","6,6707","6,306","5,9945","5,7244","5,4902"
238,IDN,Indonesia,Median,"13,7659","13,258","12,7659","12,2993","11,843","11,4137","11,0067","10,6131","10,2312","9,8546","9,4903","9,1451","8,8064","8,4786","15,4015","7,8817","7,6075","7,3434","7,0999","6,8775","6,6668","6,4729","6,2874","6,1127","5,9403","5,772","5,6086","5,449","5,3005","5,137"
241,IRN,Iran (Islamic Republic of),Median,"13,6678","8,2929","7,8051","7,3678","6,9865","6,6505","6,3595","6,1047","5,8958","5,7204","5,5837","5,481","5,4115","9,0847","5,3754","5,4081","5,469","5,5449","5,5925","5,5659","5,4501","5,2518","4,9914","4,7076","4,4311","4,1795","3,9579","3,7683","3,604","3,4601"
244,IRQ,Iraq,Median,"10,2293","17,5721","9,2465","8,7938","8,336","8,5881","7,4992","7,098","6,7282","6,3757","6,0324","5,7309","5,4687","16,6824","14,8991","16,2624","22,6265","19,3075","10,1235","7,1988","6,3489","6,1483","6,1681","8,4413","12,8358","11,2288","12,3305","9,3313","4,2695","3,7884"
247,IRL,Ireland,Median,"1,9317","1,8783","1,828","1,7805","1,7347","1,6904","1,6472","1,6045","1,561","1,5158","1,4692","1,4201","1,37","1,3185","1,2663","1,2135","1,1604","1,1086","1,0573","1,0066","0,9578","0,9113","0,8662","0,8231","0,7811","0,7406","0,7022","0,6669","0,6352","0,6069"
250,ISR,Israel,Median,"1,9217","1,8727","1,825","1,7789","1,7345","1,692","1,6515","1,6125","1,5746","1,538","1,5016","1,4654","1,6471","1,3944","1,359","1,3235","1,2889","1,254","1,2196","1,185","1,1509","1,1173","1,0844","1,052","1,0201","0,9885","0,9567","0,9255","0,8952","0,8656"
253,ITA,Italy,Median,"1,8332","1,8857","1,9217","1,9335","1,9116","1,8545","1,7659","1,6563","1,5452","1,4495","1,3701","1,302","1,2409","1,1857","1,1352","1,0906","1,0543","1,0259","1,0006","0,9733","0,9414","0,9058","0,8683","0,8358","0,8153","0,8078","0,8132","0,8292","0,8466","0,8554"
256,JAM,Jamaica,Median,"4,5819","4,4893","4,3955","4,3051","4,2127","4,1208","4,0321","3,9448","3,8602","3,7802","3,7074","3,6416","3,5835","3,5353","3,4949","3,4627","3,4313","3,3993","3,3612","3,3119","3,2605","3,2041","3,1454","3,0843","3,0223","2,9555","2,901","2,8433","2,7871","2,7307"
259,JPN,Japan,Median,"1,6739","1,6425","1,608","1,5686","1,525","2,2025","1,4261","1,3741","1,3224","1,2708","1,2194","1,1699","1,124","1,0827","1,0455","1,0117","0,9816","0,9552","0,9324","0,9134","0,8972","1,2307","0,8689","0,8541","0,8384","0,8213","0,803","0,7846","0,7668","0,7491"
262,JOR,Jordan,Median,"5,3964","5,3538","5,3096","5,264","5,2047","5,1348","5,0612","4,9741","4,8798","4,7748","4,6521","4,52","4,3707","4,2051","4,0275","3,8395","3,6544","3,4821","3,3299","3,2082","3,123","3,0771","3,071","3,1008","3,1525","3,2115","3,2727","3,3311","3,3822","3,4154"
265,KAZ,Kazakhstan,Median,"5,7046","5,7568","5,773","5,7452","5,6724","5,5658","5,435","5,292","5,149","5,0136","4,8964","4,8046","4,7376","4,6903","4,6541","4,6072","4,5304","4,4149","4,2583","4,0679","3,8636","3,6634","3,4782","3,3169","3,1809","3,0675","2,9713","2,889","2,8159","2,7498"
268,KEN,Kenya,Median,"16,515","16,903","17,2601","17,5297","17,7174","17,783","17,7344","17,571","17,283","16,9033","16,3982","15,7995","15,1371","14,4364","13,7954","13,1765","12,6304","12,1649","11,7876","11,4969","11,3046","11,1543","11,0735","11,0043","10,9253","10,7953","10,6202","10,397","10,1677","9,899"
271,KIR,Kiribati,Median,"15,3648","14,8851","14,4823","14,1236","13,8187","13,539","13,2613","12,9877","12,7107","12,4156","12,1298","11,8703","11,6564","11,5082","11,4394","11,4228","11,4353","11,4565","11,4436","11,3667","11,2348","11,0639","10,8696","10,6758","10,4515","10,24","10,0064","9,7689","9,5432","9,3017"
274,KWT,Kuwait,Median,"5,8082","47,2457","3,3542","3,2664","3,1795","3,0953","3,0163","2,9421","2,8789","2,8251","2,7785","2,7373","2,7004","2,6654","2,6255","2,5789","2,524","2,4661","2,4034","2,3336","2,2622","2,19","2,1248","2,0659","2,0151","1,9745","1,9445","1,9173","1,8851","1,8475"
277,KGZ,Kyrgyzstan,Median,"5,9676","5,861","5,7668","5,6847","5,6059","5,5187","5,4038","5,2552","5,0699","4,8519","4,6172","4,3815","4,1571","3,9577","3,7885","3,6486","3,54","3,4566","3,3912","3,3375","3,2937","3,2602","3,2324","3,2066","3,1804","3,1509","3,1162","3,0751","3,0294","2,98"
280,LAO,Lao People's Democratic Republic,Median,"41,8977","39,6194","37,4884","35,4521","33,5744","31,7845","30,1277","28,553","27,069","25,6984","24,384","23,1484","21,968","20,8093","19,6923","18,6051","17,5421","16,5191","15,5557","14,6484","13,7746","12,941","12,1636","11,4158","10,7126","10,0726","9,4811","8,9615","8,5192","8,1554"
283,LVA,Latvia,Median,"5,7803","5,5113","5,2481","4,9926","4,7477","4,5137","4,2944","4,0908","3,8999","3,7221","3,5563","3,4016","3,2555","3,1168","2,9831","2,8545","2,7291","2,605","2,4831","2,3633","2,2437","2,1279","2,0159","1,9093","1,8075","1,7122","1,6214","1,5375","1,4589","1,3894"
286,LBN,Lebanon,Median,"9,8775","5,0012","4,8439","4,6886","4,5417","4,3987","4,26","4,1221","3,9862","3,8485","3,705","3,5549","3,4048","3,2471","3,0937","2,9376","3,7506","2,6561","2,5394","2,4445","2,3616","3,2288","2,2232","2,3652","2,3463","2,2415","1,9862","2,2106","1,8966","1,8547"
289,LSO,Lesotho,Median,"15,7948","15,4616","15,1446","14,8329","14,528","14,2266","13,9395","13,6494","13,3676","13,0944","12,8431","12,6009","12,3603","12,1181","11,8863","11,6523","11,4316","11,2113","10,9899","10,7844","10,5684","10,3528","10,1407","9,9342","9,7302","9,5139","9,2953","9,0705","8,8491","8,6101"
292,LBR,Liberia,Median,"38,986","30,8126","30,829","30,8155","37,1929","30,5862","36,1724","29,979","29,4651","28,8293","28,047","27,2233","30,3208","33,5701","24,8548","24,0765","23,3056","22,5144","21,7244","21,0191","20,346","19,7227","19,1771","18,6505","23,0547","17,5788","17,0769","16,5599","16,0309","15,5336"
295,LBY,Libya,Median,"7,6553","7,3975","7,1071","6,7974","6,4585","6,1174","5,7944","5,5085","5,2522","5,0393","4,8564","4,7003","4,5513","4,429","4,3313","4,2322","4,1194","4,001","3,885","3,7714","3,6604","7,6154","3,8569","3,3677","5,7481","5,0719","5,3333","4,089","3,6753","4,1374"
298,LTU,Lithuania,Median,"4,4584","4,3094","4,1571","3,9953","3,8292","3,6606","3,4968","3,3439","3,2003","3,0709","2,9564","2,8559","2,768","2,69","2,6187","2,5496","2,4777","2,4042","2,3236","2,2383","2,1498","2,0596","1,9701","1,882","1,7961","1,7118","1,6292","1,5499","1,4738","1,401"
301,LUX,Luxembourg,Median,"1,9909","1,8504","1,7204","1,6033","1,4956","1,3967","1,3074","1,2243","1,1494","1,0805","1,0177","0,9601","0,9051","0,8543","0,8071","0,7632","0,7218","0,6822","0,6456","0,6118","0,5798","0,5499","0,5226","0,4959","0,4707","0,4477","0,4275","0,4107","0,3958","0,381"
304,MDG,Madagascar,Median,"37,7567","36,462","35,1647","33,9255","32,7177","31,5761","30,5234","29,5291","28,5919","27,7078","26,8598","26,0552","25,266","24,5208","23,8268","23,197","22,6165","22,0732","21,5775","21,1058","20,7077","20,3464","19,981","19,6929","19,4555","19,2086","18,979","18,7586","18,493","18,1944"
307,MWI,Malawi,Median,"38,1609","36,6073","35,1165","33,6816","32,2991","30,9815","29,6927","28,4509","27,224","26,0556","24,9308","23,8636","22,8425","21,8904","21,008","20,1733","19,4038","18,6824","17,9952","17,3534","16,7276","16,1106","15,5124","14,9351","14,3605","13,8266","13,3206","12,8711","12,4468","12,0444"
310,MYS,Malaysia,Median,"4,929","4,6973","4,4823","4,2877","4,1176","3,9716","3,8422","3,7169","3,5909","3,4684","3,3539","3,2516","3,1645","3,0922","3,0274","2,9634","2,8996","2,8371","2,7789","2,7264","2,6818","2,6457","2,6212","2,6086","2,6052","2,6082","2,6137","2,6197","2,6221","2,6163"
313,MDV,Maldives,Median,"8,9877","8,4168","7,8856","7,3904","6,934","6,5194","6,1369","5,791","5,4811","5,1993","4,9471","4,7194","4,5113","4,3198","6,8927","3,9738","3,8119","3,6524","3,496","3,3377","3,1784","3,0215","2,8624","2,7006","2,5441","2,3907","2,2425","2,1005","1,9685","1,8511"
316,MLI,Mali,Median,"40,288","39,4624","38,6612","37,8844","37,1163","36,3926","35,66","34,9301","34,2035","33,467","32,7154","32,0022","31,2964","30,6071","29,9541","29,3063","28,6861","28,0828","27,5211","26,9688","26,4363","25,9343","25,4474","24,9665","24,4856","24,0003","23,5248","23,0638","22,6007","22,1238"
319,MLT,Malta,Median,"1,31","1,2977","1,2871","1,2756","1,2632","1,2529","1,2415","1,2319","1,2225","1,2114","1,2003","1,1895","1,1749","1,1613","1,1451","1,128","1,1079","1,0873","1,0649","1,042","1,017","0,994","0,9707","0,9472","0,9253","0,9029","0,8806","0,8583","0,8351","0,8103"
322,MHL,Marshall Islands,Median,"9,0589","8,7648","8,4923","8,2475","8,0426","7,9126","7,829","7,8018","7,8021","7,8079","7,808","7,8037","7,7798","7,7446","7,7032","7,6625","7,6195","7,5794","7,5381","7,5092","7,4735","7,4253","7,3557","7,2543","7,1405","6,9981","6,8496","6,6986","6,5471","6,3849"
325,MRT,Mauritania,Median,"19,0827","18,3153","17,5944","16,9047","16,254","15,6439","15,0568","14,4875","13,9312","13,4394","12,9439","12,5137","12,092","11,7083","11,3499","11,0385","10,6985","10,3821","10,0701","9,7986","9,5268","9,2758","8,9806","8,7023","8,4614","8,2076","7,9739","7,7447","7,5136","7,296"
328,MUS,Mauritius,Median,"3,4826","3,4073","3,334","3,2619","3,1906","3,1201","3,0517","2,9852","2,9189","2,854","2,7909","2,7277","2,6655","2,6053","2,5458","2,4881","2,4318","2,3765","2,3214","2,2676","2,2151","2,1631","2,1135","2,066","2,0195","1,9752","1,9345","1,8951","1,8571","1,8208"
331,MEX,Mexico,Median,"5,1741","4,7666","4,421","4,144","3,9295","3,7686","3,6452","3,5412","3,4451","3,3547","3,2699","3,1927","3,1264","3,0739","3,0342","3,0069","2,9876","2,97","2,9483","2,9181","2,8753","2,8219","2,7654","2,7111","2,6635","2,6259","2,5979","2,5754","2,5549","2,5292"
334,FSM,Micronesia (Federated States of),Median,"9,8725","9,8101","9,7763","9,7753","9,8059","9,8395","9,8523","9,8548","9,7974","9,6955","9,5608","9,3928","11,6239","9,0458","8,8303","8,6191","8,4056","8,1968","7,9822","7,7902","7,5862","7,3954","7,2202","7,0516","6,868","6,6946","6,5102","6,3548","6,1904","6,0068"
337,MCO,Monaco,Median,"1,7856","1,7207","1,6585","1,6003","1,5451","1,493","1,4434","1,397","1,354","1,3139","1,2781","1,2447","1,2146","1,1874","1,1623","1,1386","1,1171","1,0959","1,0756","1,0563","1,0375","1,0188","0,9992","0,9783","0,9574","0,9345","0,9116","0,8881","0,8658","0,8429"
340,MNG,Mongolia,Median,"11,954","11,7782","11,5559","11,2438","10,8129","10,2564","9,5831","8,8263","8,0377","7,2684","6,5758","5,9962","5,5473","5,2343","5,056","4,9993","5,0533","5,1984","5,4029","5,6308","5,824","5,922","5,8941","5,7321","5,4454","5,0743","4,6535","4,2211","3,8033","3,425"
343,MNE,Montenegro,Median,"2,5562","2,4989","2,441","2,3827","2,3238","2,2661","2,2065","2,1477","2,0911","2,0306","1,9704","1,9111","1,8529","1,7931","1,7326","1,6724","1,6118","1,5516","1,4919","1,4314","1,3731","1,3158","1,2608","1,209","1,1607","1,1149","1,069","1,0267","0,9887","0,9554"
346,MAR,Morocco,Median,"9,5474","9,1061","8,6835","8,2741","7,8788","7,5005","7,1345","6,7856","6,4493","6,1311","5,8349","5,5487","5,2761","5,0218","4,7811","4,5526","4,3347","4,1294","3,9342","3,7491","3,575","3,4233","3,2871","3,1684","3,0541","2,9537","2,8556","2,7657","2,6744","2,5893"
349,MOZ,Mozambique,Median,"57,5391","54,7661","52,1223","49,6896","47,3737","44,9763","42,7375","40,5846","38,4856","36,5298","34,6755","32,9219","31,3117","29,8033","28,3776","27,0522","25,7511","24,5003","23,2846","22,1453","21,0921","20,1474","19,295","18,5553","17,8698","17,2473","16,6829","16,1729","15,7197","15,2619"
352,MMR,Myanmar,Median,"29,1629","28,5759","27,9616","27,1916","26,3322","25,4251","24,5227","23,5717","22,5609","21,5527","20,628","19,6878","18,7095","17,7145","16,6748","15,6214","14,5315","13,3887","31,5804","11,1342","10,0941","9,0748","8,1188","7,22","6,5239","5,9724","5,5677","5,2425","4,9796","4,7448"
355,NAM,Namibia,Median,"14,6451","14,3956","14,1716","13,9603","13,8093","13,6888","13,6135","13,5608","13,5434","13,5629","13,6102","13,667","13,7356","13,7592","13,7607","13,7188","13,6609","13,5906","13,5171","13,4288","13,3102","13,2003","13,0548","12,8625","12,6317","12,3328","12,0579","11,7337","11,4377","11,1421"
358,NRU,Nauru,Median,"10,6213","10,2723","9,945","9,6212","9,3229","9,043","8,7797","8,5173","8,2865","8,0726","7,8876","7,7284","7,6005","7,5183","7,4646","7,4553","7,4767","7,5249","7,5591","7,5557","7,4968","7,4192","7,3002","7,1629","7,014","6,8643","6,7084","6,5565","6,3871","6,2344"
361,NPL,Nepal,Median,"26,5634","25,2428","23,9474","22,6362","21,3148","19,9477","18,5807","17,2284","15,9072","14,6566","13,4868","12,4111","13,3409","10,6137","9,8592","9,2089","8,6523","8,1702","7,7689","7,4211","7,1371","6,8973","6,6695","6,4226","6,1938","8,8401","5,7685","5,5968","5,4243","5,2587"
364,NLD,Netherlands,Median,"1,8925","1,8313","1,7716","1,714","1,6574","1,6026","1,5498","1,4989","1,4501","1,4032","1,3572","1,3117","1,2666","1,2221","1,1779","1,1345","1,0927","1,0527","1,0152","0,9794","0,9459","0,914","0,8838","0,8546","0,8265","0,7995","0,7731","0,7476","0,7224","0,6976"
367,NZL,New Zealand,Median,"2,5217","2,439","2,3587","2,2835","2,2128","2,1459","2,0821","2,0207","1,96","1,8982","1,8353","1,7732","1,7113","1,6505","1,5916","1,535","1,4807","1,4286","1,3774","1,3273","1,2792","1,2328","1,1891","1,1485","1,1102","1,0759","1,0426","1,0109","0,9798","0,9509"
370,NIC,Nicaragua,Median,"7,3944","7,2317","7,0628","6,8989","6,7372","6,5708","6,4089","6,2487","9,6583","5,9226","5,7695","5,617","5,4617","5,3136","5,1638","5,0224","4,8862","4,7497","4,6178","4,4818","4,3597","4,241","4,1253","4,0026","3,8827","3,7599","3,6471","3,539","3,436","3,3353"
373,NER,Niger,Median,"64,2661","63,1534","62,0396","60,8089","59,572","58,2476","56,8855","55,4799","53,9907","52,4913","50,9594","49,4825","47,9867","46,5371","45,1455","43,807","42,5983","41,4707","40,4259","39,4529","38,4928","37,5894","36,6878","35,7957","34,9102","33,9601","33,0222","32,0914","31,1933","30,292"
376,NGA,Nigeria,Median,"38,1345","37,473","36,8028","36,1437","35,4627","34,7805","34,0881","33,4126","32,72","32,0306","31,3443","30,6438","29,9703","29,3299","28,7067","28,1042","27,5098","26,9473","26,3984","25,8532","25,3319","24,8273","24,3356","23,8712","23,421","22,9903","22,5952","22,1591","21,7267","21,2682"
379,NIU,Niue,Median,"3,2056","3,3499","3,5031","3,6638","3,828","4,0032","4,1949","4,3906","4,5996","4,8064","5,0371","5,2755","5,5279","5,7655","5,9865","6,1338","6,2246","6,229","6,204","6,1506","6,0601","5,9707","5,8563","5,74","5,6174","5,4922","5,3649","5,235","5,0885","4,9525"
382,NOR,Norway,Median,"1,8481","1,7835","1,7212","1,6614","1,604","1,5485","1,4953","1,4446","1,3952","1,3477","1,3019","1,2578","1,215","1,1731","1,1317","1,0915","1,0526","1,0145","0,9776","0,9421","0,9082","0,8757","0,8442","0,814","0,7855","0,7584","0,733","0,7092","0,6868","0,6645"
385,OMN,Oman,Median,"5,8699","5,4862","5,1283","4,7992","4,5014","4,2377","4,0018","3,7876","3,5949","3,4206","3,2604","3,1214","3,0008","2,9002","2,8178","2,7525","2,7005","2,6609","2,6305","2,6057","2,5835","2,5627","2,5423","2,524","2,5115","2,5093","2,5162","2,5273","2,5376","2,5402"
388,PAK,Pakistan,Median,"13,5911","13,821","14,1108","14,2486","14,0878","13,6605","13,0651","12,4853","12,0007","11,5836","11,189","10,7336","10,2098","9,8131","9,6329","9,6071","9,7145","9,8285","9,9178","9,9574","9,9527","9,8703","9,7511","9,5791","9,3888","9,1789","8,9666","8,752","8,5647","8,3521"
391,PLW,Palau,Median,"6,9786","6,9175","6,8398","6,7457","6,6331","6,5181","6,392","6,27","6,1454","6,0345","5,9188","5,8207","5,7257","5,6306","5,5509","5,4635","5,371","5,282","5,1743","5,062","4,9502","4,8232","4,716","4,6046","4,4932","4,3811","4,2787","4,1676","4,0562","3,951"
394,PAN,Panama,Median,"4,8938","4,8125","4,7305","4,6494","4,5691","4,49","4,4083","4,3225","4,2328","4,1408","4,0489","3,9621","3,8821","3,8122","3,7539","3,7087","3,6774","3,6581","3,6476","3,6402","3,6294","3,6063","3,5694","3,5131","3,4391","3,3526","3,2599","3,1641","3,0703","2,9777"
397,PNG,Papua New Guinea,Median,"13,9695","13,7467","13,5336","13,3269","13,1334","12,9558","12,7761","12,5945","15,479","12,2496","12,0844","11,9096","11,74","11,5654","11,3881","11,2075","11,017","10,8265","10,6305","10,4348","10,2326","10,0408","9,8385","9,6418","9,4416","9,2476","9,033","8,8269","8,6271","8,4027"
400,PRY,Paraguay,Median,"7,1141","6,9125","6,722","6,5272","6,3357","6,1493","5,963","5,786","5,6112","5,4448","5,2865","5,1224","4,962","4,8013","4,6446","4,4825","4,3284","4,1751","4,0268","3,8777","3,7395","3,6145","3,4944","3,3758","3,2701","3,172","3,0745","2,9801","2,8853","2,8086"
403,PER,Peru,Median,"9,7884","9,3301","8,894","8,4753","8,0672","7,6767","7,3007","6,9371","6,5924","6,2689","5,9635","5,6862","5,4296","5,1892","4,974","4,7734","4,5841","4,407","4,2357","4,0726","3,9106","3,7505","3,6011","3,4622","3,335","3,2217","3,1182","3,0201","2,9289","2,8409"
406,PHL,Philippines,Median,"8,296","8,8004","7,6182","7,3284","7,063","6,8198","6,5902","6,3626","6,1287","5,8966","5,6818","5,494","5,3339","5,2015","5,0941","5,0089","4,942","4,8884","4,8423","4,7983","4,7473","4,6859","4,6163","5,1164","4,4599","4,3797","4,2993","4,2152","4,1223","4,027"
409,POL,Poland,Median,"2,7935","2,6718","2,5593","2,4571","2,3652","2,2815","2,2046","2,1321","2,0635","1,9982","1,9363","1,8778","1,8221","1,7692","1,7167","1,6643","1,6109","1,5568","1,5019","1,4463","1,391","1,337","1,2851","1,2363","1,1903","1,1479","1,1089","1,0734","1,0406","1,0083"
412,PRT,Portugal,Median,"3,9322","3,8103","3,6845","3,5519","3,4124","3,2664","3,1106","2,9469","2,777","2,603","2,4296","2,2612","2,0998","1,9473","1,805","1,6742","1,5555","1,4484","1,3528","1,267","1,1915","1,1237","1,0639","1,0106","0,9629","0,9202","0,882","1,0649","0,8147","0,7848"
415,QAT,Qatar,Median,"3,8257","3,6657","3,5112","3,3824","3,2777","3,1915","3,1221","3,0657","3,0186","2,968","2,9155","2,8605","2,8031","2,7423","2,6815","2,6221","2,5611","2,4966","2,4238","2,3436","2,2543","2,1578","2,0575","1,9528","1,8433","1,7321","1,6266","1,5326","1,4502","1,3815"
418,KOR,Republic of Korea,Median,"4,475","4,2557","4,0409","3,825","3,6012","3,3657","3,1249","2,8877","2,662","2,4549","2,2709","2,1082","1,9625","1,8309","1,7122","1,6052","1,5082","1,4196","1,3381","1,262","1,1908","1,1245","1,0629","1,0064","0,9558","0,9115","0,8729","0,8382","0,8068","0,7779"
421,MDA,Republic of Moldova,Median,"5,3982","5,3756","6,259","5,2822","5,2","5,0903","4,9563","4,8019","4,6339","4,4547","4,2733","4,0919","3,916","3,7478","3,5903","3,444","3,31","3,1893","3,0832","2,9901","2,9118","2,8481","2,7982","2,7609","2,7356","2,719","2,7088","2,7025","2,6986","2,6909"
424,MKD,Republic of North Macedonia,Median,"3,3068","3,24","3,1698","3,0968","3,0191","2,934","2,8441","2,7482","2,6432","2,5349","2,4207","2,3058","2,191","2,0788","1,9723","1,8731","1,7838","1,7047","1,6359","1,5775","1,5286","1,4879","1,4544","1,4281","1,4075","1,3899","1,3758","1,3651","1,3558","1,3436"
427,ROU,Romania,Median,"5,2757","4,9845","4,866","5,0144","5,4536","6,0123","6,4372","6,5698","6,3562","5,8518","5,2371","4,6598","4,1413","3,6645","3,2482","2,9579","2,8297","2,8011","2,7647","2,6642","2,5197","2,3631","2,223","2,1298","2,0828","2,0425","1,9712","1,8692","1,7579","1,6484"
430,RUS,Russian Federation,Median,"5,1333","5,2709","5,3666","5,3711","5,2652","5,0948","4,9077","4,7483","4,6562","4,6358","4,634","4,5956","4,5042","4,364","4,1841","3,9753","3,7514","3,5329","3,3425","3,1878","3,0574","2,9409","2,8326","2,7283","2,6244","2,5138","2,3894","2,2507","2,1008","1,9444"
433,RWA,Rwanda,Median,"61,5903","64,473","67,9086","71,794","177,592","164,0405","76,9431","74,1629","69,4892","63,6669","57,55","51,8042","46,5769","41,8975","37,6662","33,7595","30,0484","26,661","23,6139","22,7078","18,6233","16,6826","15,0771","13,7709","12,6768","11,7882","11,05","10,4291","9,9139","9,4914"
436,KNA,Saint Kitts and Nevis,Median,"4,595","4,5263","4,4722","4,4272","4,3825","4,3324","4,2721","4,1985","4,1106","4,0091","3,8987","3,7798","3,6624","3,554","3,4554","3,3755","3,3115","3,2618","3,2269","3,2021","3,1876","3,1761","3,1671","3,1593","3,1393","3,1114","3,0726","3,0241","2,9747","2,9217"
439,LCA,Saint Lucia,Median,"3,9552","3,9561","3,9515","3,9441","3,9317","3,9123","3,8877","3,8537","3,8135","3,7623","3,7062","3,6493","3,5872","3,5234","3,4592","3,3988","3,3435","3,2962","3,2548","3,2207","3,1908","3,1675","3,1443","3,1331","3,1229","3,1143","3,1094","3,1089","3,0998","3,08"
442,VCT,Saint Vincent and the Grenadines,Median,"3,6245","3,6363","3,6517","3,666","3,6829","3,7025","3,7218","3,7451","3,7737","3,8019","3,8358","3,8761","3,9162","3,96","4,0115","4,0697","4,128","4,1893","4,2552","4,3205","4,3837","4,452","4,5229","4,5892","4,6586","4,7308","4,7897","4,8222","4,8084","4,7696"
445,WSM,Samoa,Median,"6,0648","5,907","5,7469","5,5818","5,4206","5,2609","5,1078","4,96","4,8149","4,6748","4,5416","4,4251","4,3277","4,2544","4,2075","4,1808","4,1673","4,1628","4,1595","10,2815","4,1345","4,1029","4,059","4,0034","3,9345","3,8544","3,7729","3,6876","3,5998","3,5125"
448,SMR,San Marino,Median,"2,8691","2,6828","2,509","2,3435","2,1888","2,0427","1,9087","1,7821","1,6649","1,5583","1,456","1,3624","1,2749","1,1928","1,1179","1,0469","0,9814","0,9205","0,8634","0,8095","0,7582","0,7115","0,6731","0,6395","0,6119","0,5878","0,565","0,5454","0,5281","0,5116"
451,STP,Sao Tome and Principe,Median,"21,1966","21,3025","21,3135","21,1873","20,9197","20,4772","19,8949","19,1753","18,3805","17,5242","16,6204","15,7097","14,7992","13,8952","13,0445","12,2446","11,4894","10,7951","10,1496","9,5637","9,0058","8,4976","8,0414","7,6417","7,2894","6,9706","6,6915","6,4455","6,2199","6,0104"
454,SAU,Saudi Arabia,Median,"6,4212","6,0794","5,7601","5,4689","5,2018","4,9518","4,7196","4,508","4,3132","4,1298","3,962","3,8041","3,6531","3,5108","3,3746","3,2408","3,1078","2,9796","2,8526","2,728","2,6055","2,4888","2,3741","2,2657","2,1597","2,0556","1,9588","1,8771","1,8058","1,7464"
457,SEN,Senegal,Median,"34,074","33,4133","33,0627","33,0621","33,284","33,6403","33,9436","34,1206","34,0155","33,5564","32,7129","31,5215","30,0376","28,4","26,7021","25,0835","23,557","22,1519","20,8104","19,558","18,3919","17,2626","16,1841","15,1486","14,1698","13,2225","12,3583","11,5808","10,9264","10,3929"
460,SRB,Serbia,Median,"3,1173","4,4651","4,1065","3,3301","2,5785","2,5229","2,5068","2,5147","2,5218","2,4993","2,4336","2,3226","2,1808","2,0344","1,9006","1,7851","1,6906","1,616","1,556","1,5055","1,4607","1,4196","1,379","1,3418","1,3099","1,2829","1,2608","1,24","1,2185","1,1946"
463,SYC,Seychelles,Median,"3,6228","3,5716","3,5295","3,4866","3,4517","3,4148","3,3781","3,3465","3,3142","3,2807","3,2466","3,2099","3,1743","3,1362","3,0945","3,0566","3,018","2,9772","2,9384","2,8971","2,8619","2,8234","2,7911","2,7582","2,7329","2,7002","2,6696","2,6354","2,5898","2,5411"
466,SLE,Sierra Leone,Median,"50,5141","50,1971","49,8787","49,5076","49,0911","48,5482","47,9028","47,148","55,1104","55,0443","44,3825","43,3236","42,2053","41,0425","39,8349","38,5626","37,2254","35,8535","34,4024","32,9373","31,4847","30,066","28,7343","27,49","31,9902","25,2927","24,2817","23,3115","22,4052","21,5699"
469,SGP,Singapore,Median,"2,3559","2,2381","2,1241","2,0168","1,9152","1,8175","1,7242","1,6354","1,5517","1,4737","1,4014","1,3356","1,2753","1,2213","1,1729","1,1297","1,0893","1,052","1,0169","0,9835","0,9502","0,9182","0,8864","0,855","0,825","0,7952","0,7666","0,7397","0,713","0,6869"
472,SVK,Slovakia,Median,"2,6701","2,6203","2,5709","2,5216","2,4726","2,4226","2,3728","2,3229","2,2719","2,22","2,1665","2,1126","2,0582","2,0043","1,9509","1,8986","1,8476","1,7975","1,7482","1,6991","1,6504","1,6013","1,5536","1,5062","1,4604","1,4165","1,3741","1,333","1,2935","1,2563"
475,SVN,Slovenia,Median,"2,3603","2,2684","2,1798","2,0945","2,0126","1,9342","1,8564","1,7814","1,7079","1,6369","1,5683","1,5021","1,4386","1,3782","1,3212","1,2658","1,2128","1,1627","1,1143","1,0684","1,024","0,9819","0,9427","0,9049","0,8693","0,8348","0,8018","0,7699","0,7393","0,7104"
478,SLB,Solomon Islands,Median,"7,4246","7,2766","7,1194","6,9602","6,8088","6,6728","6,5495","6,4441","6,3468","6,2523","6,169","6,1013","6,0461","5,9981","5,9516","5,8978","5,8321","6,5486","5,6551","5,5446","5,4237","5,3009","5,1756","5,0528","4,936","4,8139","4,6983","4,5796","4,4614","4,3544"
481,SOM,Somalia,Median,"38,0036","49,1773","36,7921","36,5995","36,556","36,5555","36,5555","36,5555","36,5555","36,5555","36,5555","36,5555","36,5555","36,5555","36,5555","36,5436","36,4311","35,9698","35,2807","34,4371","33,4711","32,4874","31,5107","30,5764","29,5908","28,6362","27,7465","26,909","26,0636","25,3657"
484,ZAF,South Africa,Median,"7,5589","7,7555","7,9637","8,1848","8,4241","8,659","8,9344","9,2159","9,5377","9,91","10,3767","10,9202","11,5219","12,1262","12,6103","12,8794","12,8872","12,6515","12,1887","11,5646","10,8676","10,1201","9,3359","8,5589","7,8358","7,2016","6,6634","6,1982","5,8087","5,4648"
487,SSD,South Sudan,Median,"52,6796","51,6923","50,614","49,4766","48,1869","46,8146","45,3763","43,8357","42,1794","40,4726","38,6297","36,7238","34,8814","33,1483","31,451","29,8626","28,37","26,9645","25,6823","24,423","23,2642","22,2346","21,5204","21,1564","21,049","21,0438","21,0438","21,0438","21,0438","21,0438"
490,ESP,Spain,Median,"2,3081","2,2196","2,1349","2,0545","1,9773","1,9036","1,833","1,765","1,6985","1,6336","1,57","1,5077","1,446","1,3858","1,3271","1,2705","1,2157","1,1632","1,1131","1,0653","1,0198","0,9768","0,9361","0,8977","0,8614","0,8273","0,7951","0,7641","0,7345","0,7069"
493,LKA,Sri Lanka,Median,"8,3572","9,3582","7,822","5,3371","5,1966","5,0953","5,0205","4,9462","4,8459","4,7048","4,5322","4,3405","4,1497","3,981","24,8847","3,773","3,7463","3,7543","7,7226","8,5827","3,6404","3,4349","3,1493","2,8308","2,5222","2,2544","2,0461","1,8877","1,7632","1,6646"
496,PSE,State of Palestine,Median,"5,7164","5,6544","5,5916","5,5447","5,5035","5,4665","5,4395","5,4006","5,3502","5,2406","5,1375","5,8756","6,7284","5,8105","6,0756","4,5653","5,8193","5,785","5,7983","5,8641","3,9737","3,863","3,7588","3,6505","6,4156","3,4397","3,3588","3,2597","3,1675","3,069"
499,SDN,Sudan,Median,"26,3819","25,7205","24,9702","24,1559","23,2823","22,3892","21,4639","20,5417","19,6437","18,7397","17,8644","16,9957","16,1623","15,3749","14,6112","13,8872","13,214","12,6088","12,0468","11,5422","11,0712","10,6624","10,2799","9,9266","9,5879","9,2538","8,9557","8,6784","8,3934","8,1614"
502,SUR,Suriname,Median,"5,3496","5,1488","4,9681","4,8003","4,6521","4,523","4,4124","4,3209","4,2424","4,1747","4,117","4,0625","4,0111","3,9598","3,9091","3,8527","3,798","3,7402","3,6798","3,6178","3,5522","3,4859","3,4204","3,3552","3,2908","3,226","3,1572","3,0826","3,0114","2,9334"
505,SWE,Sweden,Median,"1,4443","1,4102","1,3777","1,346","1,3152","1,2861","1,2585","1,2313","1,2052","1,1794","1,1539","1,1282","1,1029","1,0772","1,0514","1,0249","0,9983","0,972","0,9457","0,9204","0,896","0,8723","0,8499","0,8281","0,807","0,7865","0,7666","0,7468","0,7275","0,7087"
508,CHE,Switzerland,Median,"1,9564","1,8911","1,8247","1,7567","1,6885","1,621","1,555","1,4912","1,4297","1,3714","1,3155","1,2629","1,2131","1,1658","1,1216","1,0791","1,0384","0,9991","0,9619","0,9261","0,8924","0,8608","0,8313","0,8034","0,7775","0,7535","0,7309","0,7096","0,6882","0,6667"
511,SYR,Syrian Arab Republic,Median,"9,6136","9,3642","9,0995","8,8087","8,4994","8,1612","7,804","7,4265","7,0174","6,5671","6,084","5,5943","5,1242","4,7182","4,422","4,2462","4,1587","4,1323","4,1391","4,1558","4,1634","6,7818","27,4552","37,2814","41,8788","32,5595","29,9565","24,6321","15,6084","10,0066"
514,TJK,Tajikistan,Median,"7,4943","7,9147","14,897","10,4429","8,5601","8,3076","11,4029","7,0315","6,2273","5,45","4,7743","4,2273","3,7882","3,4384","3,1546","2,9206","2,7225","2,5499","2,3984","2,2598","2,133","2,0171","1,9128","1,8254","1,7488","1,6787","1,6172","1,5589","1,5076","1,4614"
517,THA,Thailand,Median,"6,2718","6,1371","6,0349","5,9564","5,8782","5,7828","5,6926","5,6489","5,6758","5,764","5,8999","6,0395","6,1209","6,1073","7,7146","5,8655","5,6886","5,5085","5,3398","5,1779","5,0171","4,8602","4,7126","4,5783","4,4662","4,3826","4,323","4,2768","4,2341","4,1868"
520,TLS,Timor-Leste,Median,"24,8557","23,9525","23,0947","22,2631","21,4436","20,6486","19,8689","19,1122","18,3781","17,6506","16,9446","16,2446","15,5368","14,8464","14,1622","13,4955","12,8645","12,2652","11,7313","11,2693","10,8415","10,4728","10,1333","9,8132","9,5392","9,2697","9,0145","8,7585","8,5132","8,3042"
523,TGO,Togo,Median,"33,6274","32,7161","31,8203","30,958","30,1236","29,2944","28,4727","27,6695","26,8757","26,0924","25,3012","24,523","23,7533","22,9989","22,2359","21,4863","20,7543","20,0016","19,273","18,5676","17,8842","17,1923","16,5477","15,9254","15,3212","14,7531","14,2386","13,7361","13,2775","12,8376"
526,TON,Tonga,Median,"3,3671","3,466","3,5716","3,6793","3,7912","3,8977","4,0067","4,1193","4,2248","4,3201","4,4054","4,4693","4,5077","4,5164","4,4948","4,4389","4,3516","4,2373","4,102","3,9477","3,785","3,6124","3,4386","3,2659","3,0951","2,9343","2,7752","2,6304","2,4934","2,3708"
529,TTO,Trinidad and Tobago,Median,"3,9903","3,9204","3,8582","3,804","3,7549","3,7114","3,6749","3,6419","3,6086","3,5741","3,5365","3,4972","3,456","3,4123","3,3649","3,3148","3,2612","3,2033","3,1379","3,0715","2,9988","2,9275","2,8569","2,7842","2,7126","2,6388","2,5665","2,4961","2,4235","2,3513"
532,TUN,Tunisia,Median,"6,727","6,3976","6,0876","5,7908","5,5131","5,2601","5,0394","4,8531","4,6965","4,5627","4,4435","4,3298","4,2194","4,1126","4,006","3,9028","3,8053","3,7123","3,6286","3,5504","3,4811","3,4202","3,369","3,3279","3,2978","3,2783","3,2695","3,2672","3,2591","3,2371"
535,TUR,Turkey,Median,"9,0765","8,9449","8,8284","8,7043","8,5782","8,4451","8,3058","8,1449","7,9814","10,7105","7,6022","7,3773","7,123","6,8438","6,5378","6,1962","5,8233","5,4205","4,9941","4,5508","4,1092","3,6838","3,2956","2,9613","2,6862","2,464","2,2879","2,147","2,0292","1,927"
538,TKM,Turkmenistan,Median,"7,1731","7,1681","7,1622","7,1375","7,0742","6,9616","6,8082","6,6335","6,4494","6,2738","6,1147","5,9763","5,8614","5,7559","5,6448","5,5133","5,3529","5,1586","4,9459","4,7354","4,5402","4,3728","4,2418","4,1437","4,0668","4,0043","3,9391","3,8692","3,7906","3,6989"
541,TUV,Tuvalu,Median,"9,6355","9,5153","9,3843","9,2341","9,065","8,8785","8,6792","8,4684","8,2603","8,0513","7,8481","7,6673","7,5127","7,3688","7,2423","7,1191","6,9925","6,8653","6,7214","6,5609","6,4049","6,249","6,1046","5,9498","5,8191","5,6572","5,5141","5,3707","5,2346","5,0904"
544,UGA,Uganda,Median,"29,1504","28,5111","27,8699","27,2418","26,6168","25,982","25,3597","24,7504","24,1538","23,5726","22,9981","22,4167","21,8453","21,2734","20,6955","20,1408","19,5909","19,0653","18,5446","18,0441","17,5667","17,1169","16,6753","16,2544","15,8318","15,4229","15,0254","14,6144","14,2386","13,8662"
547,UKR,Ukraine,Median,"4,4926","4,5095","4,5043","4,4707","4,4049","4,3124","4,1991","4,0782","3,9631","3,8608","3,7709","3,689","3,613","3,5382","3,4595","3,3677","3,2567","3,1258","2,9801","2,8258","2,6701","2,5217","2,3835","2,2562","2,7471","2,0358","1,9426","1,8586","1,7821","1,7115"
550,ARE,United Arab Emirates,Median,"3,2818","3,1657","3,0607","2,9662","2,8806","2,8038","2,7352","2,6716","2,6133","2,5608","2,5119","2,4648","2,419","2,3736","2,3261","2,2782","2,2324","2,1897","2,1491","2,11","2,0736","2,0416","2,0151","1,9941","1,9775","1,9649","1,9532","1,9408","1,9254","1,9049"
553,GBR,United Kingdom,Median,"1,8527","1,7819","1,7136","1,6485","1,5874","1,5301","1,4773","1,4291","1,3855","1,3461","1,3101","1,2764","1,2435","1,2107","1,1778","1,1443","1,11","1,0751","1,0398","1,0052","0,9721","0,9414","0,9133","0,8876","0,864","0,8423","0,8223","0,8037","0,7858","0,7678"
556,TZA,United Republic of Tanzania,Median,"27,7034","27,0829","26,4259","25,7216","24,9275","24,0825","23,2011","22,2954","21,36","20,4164","19,5054","18,6502","17,8107","17,0101","16,2614","15,5626","14,945","14,398","13,933","13,5535","13,2628","13,0419","12,9005","12,7912","12,6389","12,4515","12,2365","11,9632","11,6901","11,4555"
559,USA,United States of America,Median,"2,4289","2,373","2,3294","2,292","2,2535","2,2072","2,1472","2,0731","1,9921","1,9115","1,8381","1,7772","1,7294","1,6872","1,6434","1,5947","1,5402","1,4813","1,4234","1,3719","1,3295","1,3005","1,2854","1,2828","1,2908","1,3073","1,329","1,3508","1,3673","1,3727"
562,URY,Uruguay,Median,"3,2096","3,1539","3,0998","3,0449","2,9863","2,9269","2,8665","2,8047","2,742","2,6788","2,6163","2,5556","2,4969","2,4397","2,3839","2,3294","2,2762","2,224","2,172","2,1205","2,0701","2,0197","1,9688","1,9184","1,8684","1,8193","1,7713","1,7242","1,6787","1,6342"
565,UZB,Uzbekistan,Median,"6,8495","6,8849","6,9037","6,8884","6,8256","6,7005","6,5075","6,2542","5,9489","5,6105","5,2605","4,9212","4,6151","4,3607","4,1646","4,0248","3,939","3,8948","3,8835","3,8928","3,9104","3,9268","3,9372","3,9363","3,9251","3,9111","3,8953","3,8697","3,8255","3,7647"
568,VUT,Vanuatu,Median,"6,9395","6,6971","6,4853","6,3036","6,1608","6,0495","5,9697","10,0818","5,8695","5,842","5,8241","5,8108","5,8092","5,8132","5,8295","5,8521","5,8854","5,9251","5,9582","5,9946","6,0335","6,0577","6,0641","6,035","5,9727","5,8884","5,7786","5,6586","5,5483","5,427"
571,VEN,Venezuela (Bolivarian Republic of),Median,"4,4594","4,3349","4,2244","4,1294","4,0488","3,9832","3,9306","3,895","3,8784","11,082","3,9012","3,9337","3,9615","3,9676","3,9475","3,9032","3,8372","3,7527","3,6542","3,5529","3,4614","3,3939","3,3601","3,3683","3,4033","3,4362","3,4513","3,4543","3,4543","3,4543"
574,VNM,Viet Nam,Median,"10,7259","10,1631","9,6296","9,1255","8,6472","8,1979","7,7676","7,3567","6,9612","6,5969","6,2475","5,9122","5,6036","5,3129","5,0387","4,7771","4,53","4,298","4,086","3,884","3,6907","3,5071","3,3347","3,1759","3,0377","2,9136","2,8016","2,6994","2,6067","2,5196"
577,YEM,Yemen,Median,"18,5592","20,8193","17,0447","16,3307","15,6384","14,9658","14,3193","13,6954","13,0854","12,5038","11,9361","11,3892","10,8662","10,3496","9,8609","9,3896","8,9506","8,5278","8,1323","7,757","7,3963","7,0596","7,7186","6,463","7,3143","10,542","9,6806","9,7774","12,9337","12,5758"
580,ZMB,Zambia,Median,"26,9635","26,6561","26,3392","25,9941","25,6034","25,1539","24,6528","24,1067","23,5222","22,9211","22,2881","21,5788","20,8436","20,088","19,3379","18,6055","17,8903","17,2262","16,5855","15,9894","15,4292","14,8721","14,3427","13,8088","13,2837","12,7496","12,2531","11,8032","11,3698","10,9727"
583,ZWE,Zimbabwe,Median,"13,2452","13,2835","13,3544","13,4686","13,5966","13,7437","13,9118","14,105","14,3031","14,52","14,7736","15,0266","15,3056","15,6013","15,8689","16,082","16,2202","16,2465","16,1223","15,8645","15,4967","15,0635","14,5754","14,1288","13,675","13,2831","12,887","12,5225","12,1937","11,8509"